threshold,tpr,fpr
0.714711027317747,0.032357923018515276,2.7216246688059982e-05
0.6414541189789682,0.045908533380059575,6.40085801737707e-05
0.5810364265199807,0.05659716138076047,9.626487254480474e-05
0.543190641364166,0.06471584603703055,0.0001295291740524336
0.5115575358720412,0.070848665381695,0.00017287356692601062
0.4798870093309184,0.07890894223468255,0.00021924198720937207
0.4584550611770453,0.08527539279247708,0.0002595623526731646
0.4360949824551993,0.09164184335027159,0.0003059307729565261
0.4173951188739018,0.09742421587524093,0.0003583472480594564
0.4007737203332493,0.10244728695753753,0.000414795759708766
0.38260503980654176,0.10799602826937679,0.0004737642941995626
0.3659042195405714,0.11331113836808597,0.0005397888926465229
0.3533310965817063,0.11880147187664272,0.0005947253905909403
0.3398607921027378,0.12324046492611412,0.0006627660073110903
0.3279937442349056,0.12808831259856318,0.0007257665783482662
0.3163324937030595,0.1325857134513171,0.0007867511311122524
0.3030875511000363,0.1373751533204836,0.0008638638300617556
0.2906515710688404,0.14315752584545297,0.0009334164604867978
0.2805782652468285,0.1471292564686642,0.000996921036092271
0.2696089711637709,0.15186028853454822,0.001073529730473477
0.2600020905704289,0.15647450499386717,0.0011617305299255233
0.25289210015469765,0.16021260440394836,0.0012267471192358888
0.245128805983682,0.1644179662402897,0.0013290600466002625
0.2371411399236154,0.1682144734536534,0.0014238129054401749
0.23069063055177505,0.1723030196834297,0.001498405581548191
0.2230992662206862,0.17697564394603119,0.0015926544358198062
0.21640007126874528,0.18036329653641728,0.0016959753723207746
0.2089353846130216,0.18468547397932364,0.0018154244550072601
0.2027901045270949,0.1886572046025349,0.001916729373235039
0.1968262935296605,0.192161672799486,0.0020291223919653607
0.1921240958752093,0.1958413644062847,0.0021268992782150576
0.18774499934360325,0.19917060919338825,0.00222366815532816
0.18284971236929995,0.2024998539804918,0.002346645269992727
0.17776662278126704,0.2062963611938555,0.00248020648059154
0.17329635364266266,0.20985923719408914,0.0026062076226658916
0.16973340966260675,0.21313007417791016,0.0027271687190572693
0.16585303259073586,0.21645931896501372,0.0028451057880388626
0.16147797255182428,0.21990537935868232,0.0029907631082768133
0.15745654486410218,0.22346825535891596,0.003114244227509678
0.15334889106453722,0.2271479469657146,0.003251333470086573
0.14968416818798272,0.2302435605396881,0.0034020308360074975
0.14614858995248806,0.23363121313007418,0.0035391200785843922
0.14319081190952995,0.23696045791717774,0.003668649252636826
0.1399098866827972,0.2402897027042813,0.0038193466185577505
0.13714508808116505,0.24297646165527714,0.003956939865702943
0.13369516209883234,0.24613048303253315,0.004115701304716626
0.13024445767869033,0.24934291221307167,0.004296134940167098
0.1279646980785536,0.25249693359032765,0.0044337281873122894
0.12503377053105827,0.25559254716430113,0.004590977612621081
0.12204721484001445,0.2589217919514047,0.004780987334869203
0.11981427517004566,0.2618421821155306,0.004934204723631615
0.11726997391598605,0.2649377956895041,0.005121190418469953
0.1148146881400016,0.2679750014601951,0.0053066640996033984
0.11249617978019716,0.2711874306407336,0.0054860897259172755
0.11022417702125203,0.2741078208048595,0.005684163521258156
0.10755019268667736,0.27691139536242043,0.005899373471921149
0.10516259877287497,0.2795981543134163,0.006120631477403711
0.10303609813627068,0.28240172887097714,0.006316185249903105
0.10041102159557172,0.28543893464166814,0.0065681875340518085
0.09832082979353192,0.28835932480579407,0.006799021626332021
0.09640416349644464,0.29127971496992,0.007017759608973096
0.09451341794399787,0.2944921441504585,0.007221881459133546
0.09292597112490206,0.2973541265113019,0.007407859144835289
0.09117165592516427,0.30021610887214534,0.0076462533056399625
0.08922092864982449,0.3033701302494013,0.007906823667449723
0.08759850138073946,0.30599848139711466,0.008130097691205472
0.08558577869496098,0.3091525027743707,0.008421916336249672
0.0839641142972106,0.31172244611880146,0.008690046766583892
0.0822021776707089,0.3144092050697973,0.008973801338535332
0.08078889266918762,0.3175632264470533,0.009236387718618282
0.07944654449582292,0.3199579463816366,0.009485869979925498
0.07786924519637288,0.32264470533263245,0.009802888853384567
0.07659583339539935,0.3253314642836283,0.010088659443609196
0.07522619515222663,0.3280766310379067,0.01037392602926553
0.07371686668520204,0.3309970212020326,0.010680360806790353
0.07217708351037386,0.33362537234974593,0.011022579908664292
0.07088219409420375,0.3363121313007418,0.011327502672484223
0.06988450309714722,0.3388236668418901,0.011606721203320987
0.06904327461170713,0.3414520179896034,0.011829491222508441
0.06809849532247239,0.34390514572746916,0.012097117648274364
0.06702927618104508,0.3462414578587699,0.012411112494323648
0.06601608302815551,0.34851936218678814,0.01274325150483164
0.0650025807433756,0.35068045090824135,0.013059262369154114
0.06411304073215265,0.35342561766251973,0.013325880785783442
0.0630755206615576,0.3561123766135156,0.013650459727766972
0.06206225476866701,0.3586239121546639,0.014005782948416645
0.06123978861163134,0.36119385549909466,0.014250729168609184
0.06034169746382573,0.3634717598271129,0.01457430010145612
0.05941606961491465,0.36621692658139127,0.014897871034303055
0.05853773259231774,0.36861164651597456,0.015241098145313589
0.05777080499803543,0.37094795864727526,0.015552572968521387
0.05695108369305585,0.37334267858185854,0.015916968271400413
0.05635368774767805,0.37509491268033407,0.01621836300324226
0.05554690767603248,0.37748963261491736,0.01659384640662383
0.05490311121450366,0.37959231353308803,0.01689322512019249
0.054294791096954655,0.3819286256643888,0.017195123856602636
0.05338242215124577,0.3839144909759944,0.017628063780770108
0.052779783257492656,0.3860755796974476,0.01792744249433877
0.052158081383882934,0.3881782606156182,0.018282261710420144
0.051592778948461634,0.3905729805502015,0.018614904725496432
0.050988637414612833,0.39250043805852464,0.018960651859348452
0.05040381806392435,0.39501197359967294,0.01928623881046858
0.04983878126521638,0.39711465451784356,0.019641058026549953
0.04940319802516868,0.3987500730097541,0.019914228502567147
0.04872493573539837,0.4006775305180772,0.020346664422166323
0.04823612649732149,0.4028386192395304,0.020672251373286446
0.04777000978468701,0.40453244553472345,0.02102001452541166
0.0471937233470959,0.4069271654693067,0.02137886577803941
0.04664885263344142,0.40838736055136965,0.021738221035235462
0.046092919702101734,0.41013959464984523,0.022197873201522698
0.0455508241550363,0.41177501314175574,0.022593012783067867
0.04492443577186148,0.4135856550435138,0.023040568839715964
0.04449275077205502,0.4153962969452719,0.023361115745153115
0.04398141052843095,0.4177326090765726,0.023712910933824705
0.04358265600086893,0.4197184743881783,0.024022369738759312
0.04314398410504757,0.42187956310963143,0.024391805087321312
0.04266997723394102,0.42345657379825946,0.024771320527249258
0.04215005978994752,0.42590970153612523,0.025190148323504403
0.041781027733760606,0.4276035278313183,0.02550011113300731
0.04144478743011133,0.4292389463232288,0.025798985842007672
0.041083381740871366,0.43134162724139946,0.026130620847947365
0.04061858271814455,0.4333859003562876,0.026554992694453782
0.04028918185892245,0.43507972665148065,0.02686092346741031
0.039831345308406166,0.43683196074995617,0.027279751263665455
0.03947116510711377,0.4387594182582793,0.027665818762981267
0.03910998174107589,0.4400443899304947,0.028023662006472428
0.038756791459868746,0.4421470708486654,0.028391081336761236
0.03841069256257474,0.4438993049471409,0.02880033304621873
0.037988856454830425,0.44582676245546404,0.029234280979522798
0.03761310584604083,0.4478126277670697,0.02966318886714389
0.03730226604596235,0.44962326966882776,0.030012464032973994
0.03687489509708615,0.4512586881607383,0.030488748350015044
0.036383634838637414,0.4527772910460838,0.03105575348934963
0.036017545669599964,0.45464634075112437,0.03146046915769245
0.035745968598208056,0.4561649436364698,0.031804704277839574
0.03534869628237421,0.4580339933415104,0.03224570827509981
0.03493145724535003,0.45996145084983353,0.03273660872462148
0.03453999584005335,0.46188890835815666,0.033200796932023394
0.034292343406932733,0.46375795806319725,0.033518823814619056
0.03389234944586378,0.46527656094854275,0.03402635641489454
0.0335467503601202,0.46737924186671337,0.03449104862686475
0.033197507527378996,0.46913147596518895,0.03497942905354494
0.03278506815009199,0.47076689445709946,0.03549956176802786
0.032381663325783946,0.47199345832603234,0.036078663017001585
0.03202993841228012,0.4736872846212254,0.03656049138429391
0.03174286939998313,0.4752642953098534,0.03704282375615452
0.0314978825045782,0.47730856842474156,0.037400666999645685
0.031211259594091236,0.47917761812978216,0.03783159090553997
0.030935327608997518,0.48116348344138776,0.038238322592155975
0.03066971144758326,0.48303253314642836,0.03863799821481582
0.030332179905938107,0.4846095438350564,0.03915460289732066
0.03003057104380445,0.4863033701302494,0.03965659144734488
0.02975648424281825,0.4882308276385725,0.04010616352226617
0.029386599561512124,0.48992465393376555,0.04066006454282502
0.029106075666292083,0.49179370363880615,0.04112425275022693
0.028858493380155725,0.49377956895041175,0.0415173763134989
0.02849615940320405,0.49605747327843,0.0421025256172922
0.02817894435278555,0.4973424449506454,0.04265894666069253
0.027903989282212462,0.4988610478359909,0.04314228704168974
0.0276172196952278,0.5004380585246189,0.04364780362369205
0.027413895219132726,0.5018982536066818,0.044032863113871265
0.027046970484388408,0.50394252672157,0.0446467406780575
0.026790986355344208,0.5055779452134805,0.045111936894596014
0.0265294578005931,0.507213363705391,0.04558519718422728
0.026299729124759943,0.5087319665907365,0.04609222577993447
0.0261236736340972,0.5105426084924946,0.04658514224772933
0.02586375434007347,0.5124700660008177,0.04710527496221226
0.025591726088752355,0.5139886688861632,0.047686896234027464
0.025412509948412102,0.5153904561649436,0.048075987760753065
0.02520993943138981,0.5170842824601367,0.048514975739740104
0.024961200380459958,0.5187781087553297,0.04901545227605943
0.024693274803743358,0.5205303428538053,0.04955272114586447
0.024483954762147545,0.5221657613457158,0.05001791736240297
0.02421564405249337,0.5238595876409088,0.05057232238753012
0.02397368969417437,0.5259622685590795,0.05109396711571794
0.023735298843306284,0.5280065416739677,0.0516060357571081
0.023473130020227717,0.5302260381987034,0.052170520873601196
0.023167945402784686,0.5318030488873313,0.05283026285350251
0.022942804003091986,0.5332048361661118,0.053371059755285624
0.0227162084116648,0.5343729922317622,0.05389774452915641
0.0224539110379405,0.5357747795105426,0.054546902413123474
0.022233645036966336,0.5375854214123007,0.05510735549307019
0.022074428103976498,0.5390456164943637,0.05550602310659344
0.021825122203008085,0.540447403773144,0.05614661291289944
0.021633147885702732,0.5419660066584896,0.05664557743551388
0.02146244345521724,0.543484609543835,0.05711631770230365
0.021269676643547883,0.5448863968226155,0.05764653050815253
0.02105112154210686,0.546521815314526,0.05827250418197791
0.02083834959542909,0.547982010396589,0.05882993323451484
0.020661481155863474,0.5495006132819344,0.05931831366119503
0.0204964114564363,0.5510776239705625,0.0597900619371214
0.0203145675821642,0.5524210034460604,0.060368155176958524
0.020167244887340133,0.5532971204952982,0.06094675242136395
0.01999342798576183,0.5545820921675135,0.06151224554699364
0.01980835505061193,0.5555166170200339,0.06212662711574818
0.019641762499713743,0.5566263652824017,0.06269010422310468
0.01950362032430152,0.5580281525611822,0.06318100467262636
0.0193194366094667,0.5594883476432452,0.06378681816371984
0.019176457457330442,0.5606565037088955,0.06427620659953662
0.01901598648690069,0.5620582909876759,0.06479281128204147
0.018870332421538148,0.5634016704631739,0.06530235990059013
0.0187220813272506,0.5649786811518018,0.06584063677953177
0.01856635573245025,0.5665556918404299,0.06637538562649532
0.018363203870593443,0.5680158869224928,0.0670774639901336
0.01820212212208934,0.5690672273815782,0.06764497313403649
0.01804214030951209,0.5701185678406635,0.06821399429164426
0.017912304419248664,0.5709362770866188,0.06874924714317611
0.017820800707343668,0.5718123941358566,0.06922351544194397
0.017678949600187774,0.5727469189883768,0.06979253659955174
0.01751857021631318,0.5739734828573098,0.07039885409521351
0.017380733145002124,0.5750832311196776,0.07103188383299507
0.017270197095828832,0.5764266105951755,0.07149405602212379
0.017178804112804244,0.5773611354476959,0.07189473965392022
0.017095482583161063,0.577945213480521,0.07231457545931197
0.01697182567738249,0.5789965539396064,0.07288762865346611
0.016873480651154658,0.5802815256118218,0.07335282487000462
0.016731498313810322,0.581099234857777,0.07396871845246406
0.016599170368804702,0.5823842065299925,0.0745795719892405
0.016511971394053374,0.5830851001693826,0.07514002506918722
0.01641443517585326,0.5840780328251854,0.07563042151414061
0.01631949667218334,0.5850709654809882,0.07608805766215465
0.016221538025028674,0.585713451317096,0.07653309369596126
0.01612859784113195,0.5867063839728988,0.07699375387138509
0.01600256979559681,0.5877577244319842,0.07755672697417329
0.015905863208933432,0.589101103907482,0.07805770751506091
0.015811891060955943,0.5900356287600024,0.07854911196915089
0.01569376976461474,0.5909117458092401,0.07912317317244164
0.01556515267475136,0.5917294550551954,0.07976426698331594
0.015435015054566181,0.5926639799077157,0.08037612852922899
0.015318987951561926,0.593715320366801,0.08095119774165634
0.015233377638359259,0.5945914374160388,0.0815212269084007
0.015154476364942441,0.5952339232521465,0.08201867941731024
0.015055100641421609,0.5964020793177969,0.08256098833279825
0.014972938541539553,0.5975118275801647,0.08300955239858294
0.014889876087376457,0.5985047602359675,0.08350095685267292
0.014806651328352084,0.5994392850884879,0.08401352949863138
0.014726987732143053,0.6001401787278781,0.08448477376998945
0.014629032197017625,0.6015419660066584,0.08501397856670173
0.014524057533073962,0.6021844518427661,0.08567069651919325
0.014445829147252863,0.603060568892004,0.08615101287278068
0.01437416790756396,0.6035862391215466,0.0866146970756143
0.014299650751573918,0.6041703171543719,0.08713230976725574
0.014221427858874787,0.6050464342036096,0.08757331376451596
0.014149448857386856,0.6059809590561299,0.0880133097526396
0.01405799968648322,0.6067986683020852,0.08855360264985442
0.013954653462179042,0.607908416564453,0.0891982244927068
0.013872636993265174,0.6090181648268209,0.08971130114323356
0.013797314895659156,0.609602242859646,0.0901694412958159
0.013735721073726859,0.6103615443023188,0.09064572561285696
0.013650391663245928,0.6112960691548391,0.09113360203496884
0.013578980460377487,0.6119969627942293,0.09162450248449051
0.013506454002181513,0.6127562642369021,0.09211237890660241
0.0134213946678981,0.6134571578762923,0.09263351963022193
0.01333497014182779,0.6142748671222475,0.09319346870560034
0.013262951592502457,0.6148589451550727,0.09367630508202926
0.01319428596758858,0.615793470007593,0.09415107738536542
0.013137190942193726,0.6164943636469833,0.09463844980290902
0.01305059441938635,0.617604111909351,0.09525736741277822
0.012975236341648645,0.6183634133520238,0.09575733994452926
0.0129275654124115,0.618830675778284,0.09618070378189908
0.012844391884507656,0.6195315694176742,0.0967598050308728
0.012779828814183049,0.620290870860347,0.09727741772251423
0.01268928109058418,0.6208749488931721,0.0979285916247545
0.012635991271877518,0.6216342503358449,0.09847493257678888
0.012579147219297421,0.6224519595818001,0.09890787250095635
0.012482669515622774,0.6230360376146253,0.09958777466358955
0.012400871394987056,0.6236201156474505,0.1001819960496122
0.012327508298303959,0.6244962326966883,0.10074345713869551
0.01224925916373198,0.6257812043689037,0.10130542223234712
0.012168434198417543,0.6267157292214239,0.10197826833102415
0.012098649827668643,0.6275918462706618,0.10253015333330981
0.012027033175804587,0.6288768179428772,0.10308556636757356
0.011967406182106571,0.6301617896150926,0.1035220343237191
0.011867318407925287,0.6311547222708954,0.10417018419854958
0.011798650432252013,0.6318556159102856,0.10470241302267164
0.011715703152816595,0.6327317329595233,0.10548462811266922
0.011657582846481723,0.6337246656153263,0.10597048851650791
0.01157595778092465,0.6346591904678465,0.1066534147065509
0.01149737846150815,0.6355353075170843,0.10724007602404909
0.011431159247555469,0.6365282401728871,0.10771232830454375
0.01137220711033589,0.6372875416155599,0.10823447703729987
0.01130385455757988,0.6382220664680801,0.10881408229084188
0.011228577322593749,0.639098183517318,0.10950003250829465
0.011154996327882272,0.6397990771567081,0.1100725816978805
0.0110983730832017,0.6404999707960983,0.11062497070473447
0.011032690476001649,0.6412592722387711,0.11120407195370818
0.01095825540271395,0.6420185736814439,0.11179375729861615
0.010912059592653978,0.6431283219438116,0.11217579276138559
0.01085201507737351,0.6437123999766369,0.11272566174539805
0.010773788284857031,0.6443548858127446,0.11341917203137529
0.010713564702915679,0.6452894106652649,0.11393880074128993
0.010636156911925416,0.6463991589276328,0.11454864626892979
0.010566555477288304,0.6468080135506104,0.115186212047826
0.010486644904547236,0.6478009462064132,0.11585855414193474
0.01042724708895359,0.6485602476490859,0.11657877667003173
0.01036331819944905,0.6493779568950412,0.11722541453115731
0.010330129620588073,0.650137258337714,0.1176961547979471
0.010288628010413872,0.6509549675836692,0.11810943854395096
0.010259948312487456,0.6516558612230594,0.11850911416661081
0.010222268002650373,0.6522399392558846,0.1189783424196957
0.010187719644341614,0.6527656094854273,0.11937146598296768
0.010168375603509576,0.6537585421412301,0.11966681265998995
0.010132701935701252,0.6543426201740552,0.12011436871663805
0.010091169019961209,0.6550435138134455,0.12061232523011589
0.010055089511718471,0.6556859996495532,0.12105484124108101
0.010003036200781024,0.6565621166987909,0.12171609523468721
0.00993676202870593,0.6570877869283336,0.12231586067096112
0.009877168058161684,0.6579054961742888,0.12303557919448982
0.009806602505587795,0.6586647976169616,0.12370640927489367
0.009736072943549692,0.6594825068629169,0.12437471933245603
0.009668357715636887,0.6604170317154372,0.12507528568238943
0.009602974491951865,0.66117633315811,0.1257622439089788
0.009547906860661691,0.6619356346007826,0.12639426563762374
0.009484212055319552,0.6626949360434554,0.1269874790145098
0.009431785754357477,0.6632206062729981,0.12767544525023575
0.00939022876601045,0.6637462765025407,0.1281698737317355
0.009339344584280216,0.6645055779452135,0.1286748863091695
0.00928689903486535,0.6649144325681912,0.12928725185965084
0.009249449764993308,0.6654401027977338,0.12975698411730405
0.009211715492436894,0.665907365223994,0.13022016431556935
0.009165538439024696,0.6664914432568191,0.130795737532565
0.009119478510845741,0.6669587056830792,0.13133603042977982
0.009065627279528176,0.667951638338882,0.131941339916305
0.009026196062541555,0.6691197944045324,0.13273363509766853
0.008966161182489647,0.6695286490275101,0.13344932158465084
0.008918400549332356,0.6699959114537702,0.13407227123106644
0.008876711740902989,0.6706968050931604,0.1345873638998664
0.008833282336143299,0.6711640675194206,0.1351100166371908
0.008789111551406336,0.6720401845686583,0.13574455838867724
0.008741503293464072,0.6725658547982011,0.13633777176556328
0.008694290565480552,0.6730331172244612,0.13703077804697222
0.008639973682632692,0.6735587874540039,0.137698080095398
0.008600355630313425,0.674142865486829,0.13822526887383707
0.008555671018995568,0.6746101279130892,0.13886031462989182
0.008514534880360384,0.6752526137491969,0.13950796050015396
0.00847890194170963,0.6759535073885871,0.1399887808583097
0.008440679898358198,0.6764791776181298,0.1408052682589515
0.008399201885026849,0.67718007125752,0.14138537751706182
0.00836708535278525,0.6777057414870626,0.14195994272492085
0.00832667464290241,0.6780561883067577,0.14255063607896543
0.008289585625943393,0.678757081946148,0.14307278481172153
0.008245155411415064,0.6793995677822557,0.14366700619774417
0.008216786882582844,0.6801004614216459,0.14418613090309051
0.008192053099667581,0.6805677238479061,0.14464729508308263
0.008165583823972963,0.6811518018807312,0.14508729107120627
0.008133184912347146,0.681677472110274,0.14562052790446492
0.008088281293520676,0.6821447345365341,0.146269685788432
0.008049797838496811,0.683371298405467,0.14709978131241783
0.008019787479960936,0.6838969686350096,0.1476269700908569
0.00798829410238634,0.6847146778809649,0.14823782362763335
0.007966828194587256,0.6848899012908124,0.14870856389442313
0.007937912928130045,0.6854155715203551,0.14954420346866024
0.00791189481396942,0.6858244261433327,0.14995395918268603
0.007886843264292958,0.6862332807663104,0.150384379084012
0.007852270120232924,0.6868173587991355,0.15094584017309534
0.007822695631121306,0.6872262134221132,0.15148865309315163
0.007805090683529491,0.6876350680450908,0.1519054648711336
0.00777561121417382,0.6881607382746335,0.15246087790539734
0.007745677556128789,0.6888032241107412,0.153204284643636
0.007718409185141124,0.6892120787337188,0.15371786529873108
0.007690290512660591,0.689912972373109,0.1544275037308938
0.007652244101582327,0.6904386426026518,0.15509480577931958
0.007625597665911875,0.6908474972256293,0.15562552258973675
0.007601818744046259,0.6914315752584546,0.15665318790449517
0.007587376843126159,0.6921324688978447,0.15731796993007946
0.007555909425024134,0.6926581391273874,0.1582639865047737
0.007532350494470739,0.6933006249634951,0.1589590088044558
0.007504558076875358,0.6937678873897553,0.15949224563771447
0.007472609645622073,0.6942935576192979,0.16011721130240325
0.007441929599580186,0.6950528590619707,0.16081374561579026
0.007419421738017898,0.6955201214882308,0.16130363805617534
0.007406924984100558,0.6956369370947959,0.161640313107798
0.007374515655027475,0.6959289761112084,0.16227787888669423
0.007346556326423369,0.6965130541440336,0.162846900044302
0.007309046561260454,0.6968050931604463,0.16354091433484752
0.007288179770748538,0.6970971321768589,0.16406356707217193
0.007272127544846149,0.697564394603119,0.1646769406317899
0.007247531146134953,0.6983821038490743,0.16580843088761757
0.007226214272604644,0.6989077740786169,0.16643087652946487
0.00720575097357574,0.6996086677180071,0.1670240899063509
0.0071842240546695045,0.6999591145377022,0.16756186278072424
0.007163211741074265,0.7001927457508323,0.16810618771448543
0.0071418845150018236,0.7005431925705274,0.1686999050959398
0.007120124666010206,0.7010688628000701,0.16926539822156947
0.007101647291874413,0.7016529408328953,0.16999217280905435
0.007072767996155254,0.7019449798493078,0.17069021913614624
0.007046465012223894,0.7023538344722855,0.17126982438968827
0.00702595605230075,0.7026458734886981,0.1718267494376569
0.00700461671238776,0.7031131359149583,0.1723282339831128
0.006984244206835381,0.7035219905379358,0.1728191344326345
0.006968225066709374,0.7038140295543485,0.17326316245730453
0.006951072266474252,0.7041060685707611,0.1738089994047706
0.006934517586003578,0.7043981075871737,0.17442287696895684
0.00691605473534102,0.7049237778167163,0.1749188174641615
0.006896155010744639,0.7053326324396939,0.17567028827549294
0.006881166965213655,0.7056246714561065,0.17609365211286276
0.006861332404171594,0.7058583026692367,0.17659715267659187
0.006838591036013688,0.7063255650954967,0.1771364375646701
0.006820560175787815,0.7068512353250395,0.1779287327460336
0.006804430027042205,0.707260089948017,0.17840854509505275
0.006786343164182745,0.7074937211611472,0.1791171755180789
0.006763373510747491,0.7080193913906898,0.17983336600962951
0.006746830279121894,0.7083698382103849,0.18037567492511752
0.006726081162444018,0.7088955084399275,0.1811180736542196
0.006706071724302037,0.7095379942760353,0.18188668062087315
0.00669282897250028,0.710180480112143,0.18299700268483232
0.006678974312663774,0.710297295718708,0.18352217544499824
0.006667021522521676,0.7107061503416856,0.18399190770265142
0.006654359623760491,0.7111150049646633,0.1843855352704917
0.006639838529851725,0.7114654517843584,0.18501806100370494
0.006621331688629265,0.7119327142106185,0.18587537277437882
0.0066031968319144,0.7123415688335961,0.18644842596853298
0.006591481259337039,0.7129256468664213,0.18719888877072782
0.006580531465763856,0.7133929092926815,0.18772103750348393
0.006564379548543322,0.7136265405058115,0.1882371381814205
0.0065524875835657895,0.7140353951287892,0.18867259812842943
0.006539163592415815,0.7143274341452018,0.18913426631298985
0.006524382393173024,0.7145026575550494,0.18983231264008177
0.006502462896783435,0.7147362887681794,0.19067299226000184
0.00649098166962905,0.715028327784592,0.19115633264099907
0.0064756859448014,0.7155539980141347,0.19160792073419353
0.006462255597157359,0.7159628526371123,0.1920247325121755
0.006452163743221006,0.7163717072600899,0.19277217128696056
0.006436188748347649,0.7168973774896327,0.19340016097905913
0.006421184685165217,0.7172478243093278,0.1939076935793346
0.0064070806813805075,0.7177734945388704,0.1945926357876508
0.006392030046295814,0.7181239413585655,0.19546506769537358
0.006378066106408963,0.7184743881782606,0.19608398530524282
0.0063626430096221966,0.7187080193913907,0.19654212545782515
0.0063466084799445426,0.7190584662110858,0.19735206079907908
0.006331570816132582,0.7196425442439109,0.19782280106586886
0.006320604545749696,0.7198177676537585,0.1982234846976653
0.006308056782065466,0.7205770690964313,0.19879300985984136
0.0062871364417526115,0.7208107003095614,0.19935699097176618
0.006271214544041704,0.7212779627358215,0.1999305481704886
0.0062595823901771645,0.7216284095555167,0.20033677585253631
0.006248008624754497,0.7220956719817767,0.20091083705582707
0.006232962945054538,0.7229133812277321,0.20170867628744188
0.0062144158913761075,0.7231470124408621,0.2022892895501205
0.006200038880261947,0.7233222358507096,0.2029248393107435
0.006189109876791525,0.7240231294900998,0.2035689571490276
0.006176890602584045,0.724373576309795,0.20424029123399975
0.006161842755770884,0.7247240231294901,0.2048340086154541
0.006154182651615212,0.7253665089655978,0.20534355723400277
0.006142708101129614,0.725950586998423,0.20581278548708765
0.006132034100093416,0.7263594416214006,0.20677795423537718
0.006123022897725679,0.7264178494246831,0.2071630137255564
0.006109347094310372,0.7269435196542258,0.2077658031892401
0.006095777887898757,0.7273523742772035,0.2084895537493152
0.006085071279822225,0.7276444132936161,0.20892652571002904
0.006070619176369452,0.7283453069330063,0.20958878771277184
0.00605867272679102,0.7285789381461363,0.21018603312620426
0.006046758070556201,0.729221423982244,0.21111642555928126
0.00603459934192551,0.7298055020150692,0.21185529625640526
0.006023647991362332,0.7299807254249168,0.21228722817143614
0.006010272612756099,0.7304479878511769,0.21271664006362553
0.005998981325794186,0.7309152502774371,0.2131324438324709
0.005985364108217085,0.7310904736872846,0.21371406510428612
0.005973312745874311,0.7316745517201098,0.21428207825275727
0.005956678451120729,0.7319665907365224,0.21500935684481043
0.005944193354687325,0.7323170375562175,0.2154846331527149
0.005933788633663368,0.7326674843759127,0.21625576014220993
0.0059202064865602685,0.7329011155890427,0.2169029020079038
0.0059116545244145965,0.7333683780153029,0.21733836195491277
0.005902025919186606,0.7334851936218679,0.21786756675162502
0.005886605198690005,0.7336604170317155,0.21836955530164925
0.005871309820616353,0.7340108638514106,0.21885037565980497
0.005859174885042647,0.7343613106711057,0.21934631615500963
0.005847128682812194,0.7346533496875183,0.21984578468219235
0.005837463867148521,0.7348869809006483,0.2203462612185117
0.005823855629085368,0.735529466736756,0.22103775548621574
0.005812124180228657,0.7358215057531686,0.2215100077667104
0.005802882232821918,0.7359967291630162,0.22198931611116124
0.005793823073263068,0.7361719525728637,0.22239352777493576
0.005777795307612151,0.7368144384089714,0.22295902090056544
0.005769545573129952,0.7376321476549267,0.22388739731536927
0.005756053533697793,0.7376905554582092,0.22451387499376294
0.005740791174043154,0.7379825944746218,0.2250874321924854
0.005726020529062615,0.7383914490975995,0.22569778172469354
0.00571389441238331,0.7388587115238596,0.22631921935740426
0.005703103933708618,0.7389755271304246,0.22692553685306605
0.005689512600757399,0.7392675661468372,0.22750363009290317
0.005678984895556107,0.7395011973599673,0.22794967413584638
0.005670017596023141,0.7399684597862275,0.22864923247664318
0.005658842841829875,0.7403189066059226,0.22922178166622903
0.005650706395398439,0.7407277612289002,0.22969856998783836
0.005640156307043417,0.7410782080485953,0.23017586231401602
0.005628749433580805,0.7416622860814205,0.2306632347315596
0.005616985939530563,0.7424215875240933,0.23116723929985702
0.005608749382128049,0.7427136265405058,0.23164755565344444
0.005594782231653347,0.7429472577536359,0.23234660998967294
0.005588481556511842,0.743297704573331,0.23273418950269364
0.00557458926416237,0.7434729279831785,0.23345894807190531
0.005563207384488612,0.7437065591963087,0.23391960824732916
0.0055527930563783676,0.7442906372291338,0.23433339599790132
0.005541553762941113,0.7450499386718066,0.2350793227589815
0.005529858880126289,0.7454003854915017,0.23580156130535168
0.005519090727446751,0.7458092401144792,0.23640737479644516
0.005508761282818837,0.7461596869341744,0.23696077181243572
0.005496578602877325,0.7467437649669996,0.23753533702029475
0.005490247486251243,0.7468605805735646,0.23797029296273542
0.0054811072175249605,0.7471526195899773,0.23841482499197372
0.005472641855320084,0.7475030664096723,0.2389465498115275
0.00546318684970424,0.7478535132293674,0.23932656925602375
0.0054534352734405605,0.7483207756556276,0.24043033926059507
0.0054433656055734615,0.7489048536884528,0.24140155606370417
0.0054354318430088755,0.7491384849015829,0.24196452916649236
0.005424259856611932,0.7494305239179955,0.2424816378535655
0.0054147979605020605,0.749605747327843,0.24295691416146997
0.0054020353646336465,0.7498977863442556,0.2435536555703341
0.005392136022180143,0.7504234565737983,0.244214405559372
0.005379342148893704,0.7508323111967758,0.24487817957581967
0.005370385962385822,0.751065942409906,0.2453393437558118
0.005360679556137148,0.751182758016471,0.24587106857536556
0.005354895551930379,0.7513579814263186,0.24645420186088568
0.005346327057477418,0.7515332048361661,0.24693955826015607
0.005339656421438018,0.7516500204427311,0.247361410083821
0.005328034572844965,0.7520004672624263,0.24798486373480488
0.005321978138865492,0.7522925062788388,0.24839865148537707
0.005311946904642281,0.7525845452952514,0.24889257596230852
0.005302329815855508,0.752876584311664,0.2494636131381895
0.005293235924712102,0.7532270311313591,0.24997769779785284
0.005288351114912006,0.7534022545412067,0.2504484380646426
0.005282221945646517,0.7538695169674668,0.2507881371436751
0.005275643108033593,0.7540447403773144,0.2512210770678425
0.005266556554732862,0.7540447403773144,0.25168526527524443
0.005257738530112285,0.7541615559838795,0.25222959020900565
0.005250961380657901,0.7544535950002921,0.2527235146859371
0.0052432942427194755,0.7547456340167046,0.2530551496918768
0.005233555140009534,0.7549208574265522,0.25359090654797695
0.0052262832619111785,0.7553881198528123,0.2542929849116152
0.005214547345997436,0.7556217510659424,0.255002623343778
0.00520680685235175,0.7559721978856375,0.2555913006795494
0.0052000686853904896,0.7560890134922026,0.2560524648595415
0.005189891506234438,0.7561474212954851,0.2568054476845778
0.005178232868570036,0.7566730915250277,0.2576798956105738
0.005169982400027062,0.757373985164418,0.2587695534872328
0.005160972888786882,0.7575492085742656,0.25924634180884215
0.005156257262173594,0.7580164710005257,0.25987332349180414
0.00514888704725956,0.7584253256235033,0.26055171364073243
0.005138462556033797,0.7588925880497635,0.26141910550277225
0.0051284545933961215,0.7591846270661761,0.2619427662492333
0.005119377448239659,0.7596518894924362,0.2626307324849592
0.00511058455048193,0.7599439285088487,0.2631800974644034
0.00509951928115105,0.7604695987383915,0.26381564722502643
0.005092014046141535,0.7608200455580866,0.2643327559120996
0.005086108766234904,0.7610536767712166,0.26473041551648624
0.005078603652129572,0.7612289001810641,0.26519359571475154
0.0050684862695501215,0.762105017230302,0.26575354479012997
0.005061272032483935,0.7625138718532796,0.2666436168577432
0.00505486998764901,0.7630395420828223,0.26727563858638814
0.005045768744524636,0.7631563576893873,0.2678320596297885
0.005034037819072577,0.7636236201156474,0.2685860504639614
0.005027448945079505,0.7639740669353425,0.26899379015971403
0.0050193025676815856,0.7644413293616027,0.2694700744767551
0.005014231765422888,0.7644997371648852,0.2700446396846141
0.005008633518814486,0.7647917761812978,0.27041810706972247
0.005000119793941145,0.7650838151977104,0.27094932788470794
0.004993720877905304,0.7652006308042755,0.2714039400053122
0.004987600723679354,0.7654342620174055,0.27197144914921506
0.004982082860608411,0.765609485427253,0.27234995658000644
0.004973550291237332,0.7660767478535132,0.2730197786512737
0.004968271917868057,0.7663103790666433,0.2735414233794615
0.004961458299066829,0.7667776414929035,0.274165885039582
0.0049550495474905065,0.7671280883125986,0.274899715691023
0.0049469933087704105,0.7675369429355762,0.27550048913643355
0.0049387122544537285,0.7677121663454237,0.2759581252844476
0.004928784726651441,0.7678289819519888,0.27646565788472305
0.004922338623151992,0.7680626131651188,0.276873901585044
0.004913008183760164,0.7681794287716839,0.2774096584411441
0.004904222144664609,0.768646691197944,0.27812988096924113
0.004897745477625381,0.7688803224110741,0.2785214925188082
0.004890142183087271,0.7695812160504644,0.2792709473118664
0.004880331998218899,0.7699316628701595,0.28000477796330747
0.004873123612661192,0.7702237018865721,0.2804477979788409
0.004863760942841951,0.7702821096898546,0.28107629167550774
0.00485522885562776,0.7708077799193972,0.2815994484174005
0.004845803300017789,0.7710998189358098,0.2825202647636798
0.00483644335549111,0.7712166345423749,0.2830524935878019
0.004830479740326492,0.7713918579522224,0.2835176898043404
0.0048227668601676975,0.7718591203784826,0.28397381393864957
0.0048150525623053475,0.7723847906080252,0.2848774941296068
0.004805813540898063,0.7727352374277203,0.28558108450694997
0.0047974034949758715,0.7729688686408505,0.28604880074633
0.004791312183193207,0.7732024998539805,0.2864424283141702
0.004783351039994038,0.7734945388703931,0.28707293802911027
0.004775705400885221,0.7739033934933707,0.2876485112461059
0.004768218389544262,0.7742538403130659,0.28807842714286364
0.004763003104817769,0.7747211027393259,0.2887164969263281
0.004756719532436182,0.7754219963787162,0.28939639908896136
0.004749821451561428,0.7757140353951288,0.29009041337950686
0.004742520214828835,0.7758892588049764,0.29052184128996944
0.004734733864478214,0.7761812978213889,0.29103290192222303
0.004727185157515907,0.7764733368378015,0.2914809619834394
0.0047209148023895356,0.7766485602476491,0.29220874458006085
0.004712307485568765,0.7771742304771918,0.2931391370131379
0.0047076728495978855,0.7774662694936043,0.2934737960464874
0.004704944338449046,0.7775246772968869,0.2938150071392247
0.004697977449192817,0.7778167163132994,0.29431397166183915
0.0046936514485835116,0.7780503475264295,0.29478521593319723
0.004686352752601257,0.7780503475264295,0.29532651683954864
0.004681456474762794,0.7784592021494071,0.2958395934900754
0.004677500026849813,0.7786928333625373,0.2962055008066593
0.0046676227997992795,0.7790432801822323,0.29689800308349995
0.004662653486815126,0.7793937270019274,0.297350599185831
0.004657099467134155,0.7798609894281876,0.298655467013153
0.004650640010693905,0.7802698440511653,0.2991141111703036
0.0046465779541612,0.7803866596577302,0.29965188404467696
0.004641171010552077,0.7807371064774253,0.3000409755714026
0.004632682533584247,0.7812043689036855,0.3006629172086816
0.004626751118270387,0.7812627767069681,0.30125058653531633
0.004619354983161737,0.7816716313299457,0.3017440070076795
0.004611983474232828,0.7821388937562058,0.30283215287063364
0.004603106910673342,0.7823141171660534,0.30341024611047074
0.004597481658446445,0.7825477483791835,0.3040609160081427
0.004590596402232711,0.7833654576251388,0.3048305309839328
0.004584580295602592,0.7836574966415513,0.30527758303601266
0.004578059531866671,0.784066351264529,0.30578108359974177
0.004570556590869644,0.784299982477659,0.30634607272080316
0.00456289475367174,0.7844752058875065,0.30690954982815966
0.0045568552740860935,0.7846504292973542,0.30737928208581283
0.004549977416904655,0.7848840605104842,0.3078873186906566
0.0045441581251596435,0.7849424683137667,0.3083177385919826
0.004539365461082248,0.7853513229367444,0.30874160643392073
0.00453383330080757,0.7857017697564395,0.309270811230633
0.0045288601745946755,0.7860522165761346,0.30966897483958794
0.004521081584577966,0.7862274399859821,0.31027327631697654
0.004514730962941787,0.7865194790023947,0.31067748798075107
0.00450836626082445,0.7867531102155247,0.31121878888710247
0.0045011743057836685,0.7872787804450675,0.31171220935946564
0.0044954927272688894,0.7875124116581975,0.3123427190744057
0.004485948915197297,0.7876876350680451,0.31305034148829525
0.0044782475212782015,0.7880380818877402,0.3138809410168494
0.004474831407085366,0.7880964896910228,0.3142644884933237
0.004467852773687873,0.7881548974943052,0.3147720210935992
0.0044589646444403155,0.7883301209041528,0.3154080748587905
0.004452865406914831,0.7885637521172829,0.31594584773316386
0.0044466504935366,0.7889726067402605,0.3166428860511192
0.004441396581593424,0.789031014543543,0.3170294575550033
0.004436558002011026,0.7892646457566731,0.3175566463334424
0.004430513437945747,0.7896150925763682,0.3180052103992271
0.004422334437885225,0.7897903159862157,0.3186563843014673
0.00441526604988902,0.7900823550026284,0.31958274469799797
0.004409052941544959,0.7903159862157584,0.32002173267698497
0.004403098112717068,0.7909000642485836,0.320835196050217
0.004396112782790048,0.7913673266748438,0.32168545175693475
0.004387548607266828,0.7918929969043864,0.3222312887044008
0.004382514502057516,0.7923018515273641,0.32261534018544347
0.0043779410533960296,0.7924770749372116,0.3232055295349197
0.004373230767082652,0.7927107061503417,0.3236208292991968
0.0043705788940313715,0.7932947841831669,0.3246631107464358
0.0043647463590371135,0.7937620466094271,0.3256363435678181
0.004361342930284461,0.7938204544127095,0.32613278806759105
0.004354333680235128,0.7941709012324046,0.3267864819926728
0.004349267247838534,0.7946965714619473,0.3274678961690109
0.0043437203800371135,0.7949302026750774,0.32795073254543977
0.004338799762220959,0.7953974651013376,0.32846128917312506
0.004334679537512533,0.7958063197243151,0.32906508664594536
0.0043289961406097095,0.7960983587407278,0.32949046650158836
0.004323451202046177,0.7962151743472928,0.33006251168660594
0.0043191611972063434,0.7963903977571404,0.3304773074463147
0.004312532976308571,0.796799252380118,0.33102969645316865
0.004306184080297496,0.7970328835932481,0.3315372290534441
0.004299291106802259,0.7974417382162257,0.33237387663681783
0.004293222802960326,0.7976169616260732,0.3328466329218808
0.0042864234278126145,0.7979674084457683,0.33353863119415317
0.004278481669154512,0.798142631855616,0.33407640406852646
0.004272271527979378,0.7982594474621809,0.33460308884239726
0.004264472742194766,0.7986683020851586,0.33615743893102645
0.004261222073312793,0.7989019332982886,0.3366347312572041
0.004256503366804892,0.7991939723147012,0.3370611191219837
0.004250778536517767,0.7996612347409614,0.33771582105620207
0.004243921151692,0.8000116815606565,0.3382954263097441
0.004237682566305356,0.8004205361836342,0.33935282789403204
0.004230537150882945,0.8010046142164593,0.3399158009968202
0.004224846928799991,0.801413468839437,0.3404253496153689
0.004219067145265501,0.801647100052567,0.34099285875927177
0.0042135213514429715,0.8020559546755447,0.3416173204193923
0.004208321117265153,0.8022311780853922,0.3422569022165617
0.004201123668855841,0.8027568483149349,0.34271806639655383
0.004196806518727682,0.8029320717247824,0.34313739819737726
0.004190844762004807,0.8031657029379125,0.3436141865189866
0.004185923395197839,0.8032825185444775,0.34417463959893335
0.0041795793930018785,0.8036329653641726,0.34463429176522054
0.004175316001746669,0.8037497809707377,0.34514837642488394
0.004168685080188291,0.8039250043805852,0.3457345337378138
0.004161148177227932,0.8043338590035629,0.3466311578648149
0.004156920501223901,0.8044506746101279,0.3470933300539436
0.004149879759885603,0.8049763448396706,0.3476361429739999
0.004146336567820267,0.8053267916593657,0.34896721903887334
0.004140631586584361,0.8056188306757783,0.34947172761173906
0.004135271927738921,0.8059108696921908,0.3502100943042948
0.0041304187738778544,0.8066117633315811,0.3509393889146211
0.0041243946046927,0.8066701711348636,0.3515336103006438
0.004118447112645299,0.8068453945447112,0.3520134226496629
0.0041114328609467106,0.8071958413644063,0.3526252841955759
0.004106830992247381,0.8074878803808189,0.35330216233079936
0.004100188306794519,0.8077799193972315,0.3538313671275116
0.004094523532923989,0.807955142807079,0.3543192435496235
0.004088028439416228,0.8083055896267741,0.35501728987671544
0.004079705383347961,0.8087728520530343,0.35654895975977124
0.004074255843635664,0.8090064832661643,0.35709429270266907
0.004068382647608142,0.8091232988727294,0.3576219854856764
0.0040628576571784146,0.8095905612989895,0.35833565595438555
0.004058558881062093,0.8099410081186846,0.3588991330617421
0.00405336012273145,0.8101162315285322,0.3594031376300395
0.004046514553442832,0.8104082705449448,0.35992982240391025
0.0040409660008948346,0.8108171251679225,0.36053513189043546
0.0040349064997858225,0.8111675719876176,0.3610870168927211
0.004028634559565385,0.8115764266105951,0.3619382806085754
0.004022776942765477,0.8118684656270078,0.36247554947838045
0.004019394100722747,0.8125109514631155,0.36282482464421056
0.004013992289404643,0.8128613982828106,0.3632849808150661
0.004008066123167625,0.8131534372992232,0.3639487548315138
0.004001843232380208,0.8135038841189183,0.3646246249576006
0.0039960114763199365,0.8139711465451784,0.3651114933705759
0.003989348274390218,0.8142047777583085,0.36621375136144235
0.003987024512045914,0.8144384089714386,0.3665549624541797
0.003981808999356606,0.8146136323812861,0.3670357828123354
0.003979444581990993,0.8148472635944162,0.36765016438108994
0.003975577108136866,0.8151977104141114,0.3681576969813654
0.003972624885781444,0.8153729338239589,0.3686385173395212
0.0039658429238206535,0.8155481572338065,0.36920048243317277
0.0039596198618677214,0.8158986040535016,0.3697443033623657
0.003954971574273356,0.8164242742830442,0.3703607009493934
0.003949518952409743,0.8168331289060219,0.3709644984222137
0.003944976853817524,0.8173003913322819,0.3714523748443256
0.003941592536281919,0.8174756147421296,0.3718389463482097
0.003936796772420344,0.8177676537585421,0.3723127106424093
0.003930547291723666,0.8180596927749547,0.3728847558274268
0.003923557440577994,0.8182349161848023,0.37357574609056254
0.0039166799916544775,0.8185269552012149,0.3743685452764944
0.003910475461045791,0.8187021786110624,0.37494663851633153
0.0039045226659185283,0.81887740202091,0.3757167574966899
0.00389933895644458,0.8190526254307575,0.3764354680110821
0.003893801895515514,0.8191694410373226,0.37701809729203384
0.003888554708269796,0.8194614800537352,0.3777428558612455
0.003885774520095913,0.8197535190701478,0.3782135961280353
0.003879959703781162,0.8201039658898429,0.3788103375368994
0.0038730694026764476,0.820454412709538,0.3796540411842293
0.003865830908139164,0.8208632673325156,0.3803173111961087
0.003860614141052582,0.8210968985456457,0.38081173967760845
0.003854750761409982,0.8214473453653408,0.38152893817829564
0.003849818953895421,0.8216809765784708,0.38201631059583924
0.0038464224801186774,0.8218561999883185,0.3824512665382799
0.0038399518374219576,0.8223234624145785,0.38308732030347126
0.003834813442776362,0.8226155014309912,0.3836840617123354
0.003829601640221784,0.8228491326441213,0.3842626589567408
0.003822957843676301,0.8229659482506863,0.3848856086031564
0.003816521433820863,0.8233163950703815,0.38545916580187883
0.0038095573723129572,0.8235500262835115,0.3861688042340416
0.003805373535013589,0.8236668418900766,0.3866526486196071
0.0038012975783378923,0.8239004731032066,0.38711582881787243
0.003796403229352379,0.8243677355294667,0.38782697926374005
0.0037923737864499507,0.8245429589393143,0.38827655133866135
0.0037877039023421592,0.8248349979557269,0.3888425484688593
0.003784612781670325,0.8250102213655744,0.38927397637932193
0.0037789293491489297,0.8252438525787045,0.38992313426328895
0.0037729970287257867,0.825419075988552,0.3904800593112576
0.003767648244355965,0.8258279306115297,0.39121640998554014
0.0037622154399318654,0.8262367852345073,0.3917451107776841
0.0037572306349194225,0.8265288242509199,0.3922803636292159
0.003751531714220868,0.82699608667718,0.39311096315777005
0.0037485052118190437,0.8272297178903102,0.3934924946159712
0.0037442538197654334,0.8274049413001577,0.39407865192890107
0.0037390601537147577,0.8276969803165702,0.3947358738859609
0.0037360311530764937,0.8282810583493955,0.3951017812025448
0.0037309048890328453,0.8283978739559605,0.39564308210889626
0.003725788607787371,0.8287483207756556,0.39624486356344335
0.003721593916427797,0.8289235441855032,0.39673072396728204
0.003715990790055953,0.8290987675953507,0.39738693791520524
0.0037106294459577117,0.8292155832019158,0.397979647287523
0.003706845558643485,0.8295076222183284,0.39875228629072296
0.0037036154212170243,0.8297996612347409,0.3992205065346712
0.0036965001645514564,0.830033292447871,0.3999054487429874
0.003690400652975613,0.8305005548741312,0.40074764037661237
0.0036825123983593774,0.8306173704806962,0.4014310705712237
0.0036767632408986287,0.8306757782839788,0.4020257959618146
0.00367109738442949,0.8308510016938263,0.4026447135716838
0.0036686590821216735,0.8312598563168039,0.40316686230443993
0.0036640383062538414,0.831493487529934,0.40380997213358744
0.0036574179505785287,0.8319607499561942,0.40450701045154275
0.003650932910246293,0.8324280123824543,0.40539909853742917
0.0036455796303392976,0.8328952748087144,0.40613645722084823
0.003642473227230525,0.8330120904152795,0.406505388564842
0.0036362748764720257,0.8332457216284096,0.4071238021701429
0.0036329356364113424,0.8334793528415396,0.40790248922816236
0.0036258097291757977,0.8340634308743649,0.40859801553241276
0.0036220913932661853,0.8343554698907774,0.409179636804228
0.0036171457980289454,0.8347059167104726,0.40971539366032816
0.0036132003111279186,0.8349395479236026,0.41022242225603534
0.003608988777583327,0.8354068103498627,0.41076473117152335
0.0036032014214988266,0.8357572571695578,0.4113972569047366
0.0035978772548065936,0.8359324805794054,0.41200256639126176
0.0035910740641260717,0.836224519595818,0.41264618022497757
0.0035860258304726725,0.8369254132352082,0.41349542792255867
0.003581034787694835,0.8375678990713159,0.41430838729122244
0.0035751721506787244,0.8376263068745985,0.41499887354978987
0.0035716325774302476,0.837918345891011,0.4154721338394211
0.003567919901715442,0.8382103849074236,0.41589348165851775
0.00356291986664981,0.8383272005139887,0.41651844732320653
0.003557953224100879,0.8386776473336838,0.4171262768325732
0.003553201091103064,0.8389696863500964,0.4177527545109669
0.0035457241598032038,0.8391449097599439,0.4184508008380588
0.0035418353817347507,0.8392033175632264,0.41900268584034445
0.003537751030289275,0.8394369487763566,0.41951525848630294
0.0035309731000932533,0.8398458033993341,0.4201991926854825
0.003525498443145454,0.8401378424157467,0.4208775828344108
0.0035188097497768646,0.8406635126452894,0.421501540489963
0.0035128125181390552,0.8408387360551369,0.4221194500906956
0.003506872450084532,0.840955551661702,0.42267990317064236
0.0035029763470515764,0.8411307750715495,0.42316727558818595
0.003498104858485234,0.8413059984813971,0.423755448919389
0.0034926566604255287,0.8415396296945272,0.4243607584059142
0.0034871930830110433,0.8417148531043748,0.42485871491939203
0.003482821993526958,0.8418900765142223,0.4254463842460268
0.003477681487415994,0.8423573389404825,0.42618172691117273
0.003473422176605825,0.842415746743765,0.42680014051647364
0.0034683648850213343,0.8425909701536125,0.42738377780656206
0.003463699840212141,0.8433502715962853,0.42820026520720383
0.0034604757504518744,0.8435839028094153,0.428717373894277
0.0034527218929900514,0.8441679808422405,0.42981358383032386
0.0034512481821434987,0.8445768354652181,0.4301769711240663
0.003443215016635099,0.8449272822849133,0.43091684983032685
0.003438843856447593,0.8452193213013258,0.4314319424991268
0.0034316627380263864,0.845686583727586,0.4323895511788919
0.003426962613476925,0.8459786227439986,0.43295907634106795
0.00342120158913572,0.8464458851702588,0.4335527937225223
0.003417110554427617,0.8473220022194965,0.43434559290845415
0.0034118952620194624,0.8473804100227791,0.43500886292033353
0.0034057774160454954,0.8475556334326266,0.4357487416265941
0.0034011782063599733,0.8476140412359091,0.4362890345238089
0.003395654624819167,0.8480228958588868,0.4370384893168672
0.003390415623231761,0.8484901582851468,0.4376206145932507
0.003384437353050668,0.848957420711407,0.43830354078329364
0.0033807748148440816,0.8490742363179721,0.43875361686278325
0.0033755116020829532,0.8491910519245371,0.4394254549523237
0.0033718491445234324,0.8494246831376672,0.4399098033424575
0.003367996603848241,0.8495414987442322,0.44038810367777176
0.003366068618789547,0.8497751299573623,0.4408815241501349
0.0033620943623427395,0.8501255767770575,0.4414339131569889
0.0033597688593478892,0.8508264704164477,0.44236480959463415
0.0033564214887410806,0.8510601016295777,0.44278464540002593
0.0033522669789568162,0.8513521406459903,0.4434605155261127
0.0033479873116863557,0.8515857718591204,0.4439534319939076
0.003343755258848639,0.8517025874656854,0.44450279697335177
0.0033393450631004906,0.8521698498919456,0.4450995383822159
0.0033331165919164274,0.8522866654985106,0.4457648244123685
0.0033289000522605623,0.8524034811050757,0.44630965335069794
0.003324456805183043,0.8525202967116406,0.4468701064306447
0.003319673740714969,0.8525202967116406,0.4474542477253014
0.0033163259467291505,0.8528123357280533,0.4479632923392818
0.003310029852849968,0.853221190351031,0.4486442025110516
0.003304479917325789,0.853571637170726,0.4494934502086327
0.003298339422316084,0.8539220839904211,0.45030489756359154
0.003293838689348425,0.8540973074002687,0.4509354072785316
0.0032889036080237504,0.8544477542199638,0.4517609667614027
0.0032840768832378808,0.8545645698265288,0.45233049192357877
0.0032809164448648143,0.8547982010396589,0.45272563150512396
0.0032761630407459053,0.8549150166462239,0.4532618923657924
0.003271878212300677,0.855031832252789,0.45385258571983694
0.0032662915857195928,0.8553238712692016,0.4544493271287011
0.003261434200645364,0.8554406868757666,0.4551831577801421
0.0032577866864165754,0.8556743180888967,0.45570480250832995
0.0032510312131426447,0.8559079493020267,0.45663721095968013
0.0032476140564870488,0.8560831727118743,0.4571502876102069
0.003242290869230912,0.856492027334852,0.4580196954905199
0.003235954731699557,0.8566672507446995,0.4587812463932173
0.0032328529140798713,0.8569008819578295,0.45923686652295814
0.0032270334486907467,0.8571345131709597,0.4600709940834904
0.0032238734845461353,0.8577769990070674,0.46068487164767663
0.003219540314223528,0.8578938146136323,0.46129622918902136
0.003212686095952893,0.8580106302201974,0.46210868455311677
0.00320768785082146,0.8581274458267625,0.46270290593913943
0.0032040487962752035,0.8583610770398925,0.4632714230921789
0.0031992526152211623,0.85853630044974,0.46411411873037217
0.003194967711617266,0.8588867472694351,0.464803596979803
0.0031903190606458105,0.8590035628760002,0.46541898655769415
0.0031861419140033808,0.8591787862858478,0.46590585497066944
0.0031806434411089032,0.8594124174989779,0.4666175094211054
0.003174518829536713,0.8597044565153904,0.46744105288570337
0.003171732979318781,0.8598796799252381,0.46799041786514756
0.003167516242093121,0.8599380877285205,0.46851407861160854
0.003163562449277402,0.8601133111383681,0.46906344359105273
0.0031587084855175755,0.8602885345482156,0.46972217756181744
0.003152769626666677,0.8605221657613458,0.4705361449396177
0.003148205313535529,0.8609894281876058,0.47113792639416485
0.0031442127010125115,0.8615150984171486,0.4716192507568889
0.00314078350768486,0.8616903218269961,0.4722386723713264
0.00313733823897206,0.8618655452368437,0.47270235657416
0.003133985717286034,0.8619823608434087,0.4731690648044034
0.0031287285360458595,0.8623328076631038,0.4738630790949489
0.003125105322034837,0.8623912154663863,0.47447796466827175
0.0031219498945488835,0.8624496232696688,0.47507974612281884
0.0031175002099917163,0.8624496232696688,0.4756366711707875
0.0031154374694289232,0.8626248466795163,0.47611900354264813
0.0031105765174888928,0.862916885695929,0.47671675296064886
0.0031066248578396818,0.863267332515624,0.4773064383055568
0.003102064063089542,0.8633257403189066,0.4779555961895239
0.003097032922292217,0.8636177793353192,0.478608282105469
0.003092789930272807,0.8638514105484493,0.47926046401684586
0.003089215299604884,0.8639682261550143,0.47980378094147047
0.0030849081983785136,0.864493896384557,0.4805784359629436
0.003081741382558453,0.8645523041878395,0.4810602643302359
0.003077440111299775,0.8648443432042521,0.4816176933827728
0.003073446777984648,0.8651363822206647,0.48212018593736533
0.003069996232553465,0.8654868290403598,0.4827506956523054
0.0030657247553494424,0.8658372758600549,0.483312660745957
0.0030619154576460405,0.8661293148764675,0.4839194822461871
0.003056136081390625,0.8662461304830326,0.4846336567194645
0.003051526171490916,0.8664213538928801,0.4851820136897721
0.003047024293086809,0.8665381694994452,0.48587249994833953
0.0030437713827343466,0.8667133929092927,0.4864012007404835
0.003039168014197546,0.8672974709421178,0.4871773677756615
0.0030365849906851287,0.8673558787454004,0.48764054797392686
0.0030346037587484108,0.8674726943519654,0.48818134487570997
0.0030318879043876594,0.8679399567782256,0.48876044612468367
0.0030273210855718768,0.8682904035979206,0.48930779508585465
0.0030235357331535287,0.8684656270077682,0.489901512467309
0.003019610532525048,0.8686408504176157,0.4905249661182929
0.003017140608355645,0.8686408504176157,0.49096496210641655
0.003013237550028666,0.8687576660241808,0.49156674356096364
0.003008796690843152,0.8688744816307459,0.49226126185607744
0.003003708943753388,0.8691665206471585,0.49289832363040537
0.00299688902734238,0.8692833362537234,0.49376621949701355
0.002991841075714749,0.8696337830734187,0.49442444946320996
0.0029876397542617675,0.8698090064832662,0.49493248606805373
0.002981785324580237,0.8701594533029613,0.4956784128291339
0.0029782833789541315,0.8703346767128088,0.49624592197303674
0.0029729954468388237,0.8705683079259389,0.4970704734467713
0.0029676900099791896,0.8706851235325039,0.4978158962032832
0.002963640429971868,0.8709771625489166,0.4985023504253043
0.002959887812506553,0.8713276093686116,0.4991832605970741
0.0029553074067065967,0.8716780561883067,0.5000088200799452
0.002952135190426341,0.8719116874014369,0.5004432720178176
0.002947122292245362,0.8719700952047194,0.5011786146829635
0.0029440331896465385,0.8720869108112844,0.5017340277172272
0.002940252896905261,0.8723205420244144,0.5024194739301117
0.00293540028411263,0.8725541732375446,0.503172456755148
0.0029294425206697703,0.8726709888441095,0.5040312805395268
0.0029260412781005394,0.8728462122539571,0.5046597742361937
0.002921851124666685,0.8730798434670872,0.5051476506583056
0.0029183590857136802,0.8733718824834998,0.505704071701706
0.002914344630553448,0.8736639214999123,0.5063376054440557
0.002909351789582896,0.8738975527130425,0.5069645871270178
0.002906088917068577,0.8741895917294551,0.5074166792247805
0.002901616207037607,0.87430640733602,0.5080497089625621
0.0028974988596445826,0.8745400385491502,0.5088515802307232
0.002892851288819505,0.8746568541557153,0.5095395464664492
0.0028879811445133396,0.8749488931721278,0.5101907203686894
0.002884989966310647,0.8750073009754104,0.5106947249369869
0.0028803927487552174,0.8751241165819753,0.5113973073051934
0.002875935392813079,0.8753577477951054,0.5121538181622078
0.0028713264371338586,0.8755913790082355,0.5129194011014516
0.002867771972403959,0.875766602418083,0.5134959823275839
0.002863659041473739,0.8761170492377782,0.5140705475354429
0.00285948511244964,0.8763506804509082,0.5147106333371806
0.0028543921918373536,0.8764674960574733,0.5153996075820432
0.0028504650547792605,0.8765259038607558,0.5160638856030592
0.0028455498472556005,0.8768763506804509,0.5167715080169487
0.002841587298651541,0.8771683896968635,0.5176646041119717
0.002835449159313044,0.877343613106711,0.5184664753801328
0.002831038904336541,0.8777524677296887,0.5191680497392028
0.0028268399023633345,0.8781029145493838,0.5197728552211597
0.0028233342702547785,0.8783365457625139,0.5203509484609968
0.0028204316627812604,0.8784533613690789,0.5208665451343651
0.002815190783607355,0.8786285847789265,0.521691600612668
0.00281088894971822,0.8788622159920565,0.5223311824098373
0.0028070274593958856,0.879037439401904,0.5229682441841653
0.00280132360373981,0.8795631096314468,0.5237338271234091
0.002796574020501447,0.8796799252380118,0.5243850010256493
0.002793040140612761,0.8799135564511419,0.5249142058223616
0.0027905054211781804,0.8801471876642719,0.5253567218333267
0.002786906593452715,0.880380818877402,0.5258420782325971
0.002781871006865211,0.8805560422872496,0.5265476846282134
0.002776605644908533,0.8807896735003796,0.5273949163075214
0.0027723149979277197,0.8812569359266398,0.5280919546254768
0.002769105934924453,0.8813737515332049,0.5285435427186712
0.002765519640158855,0.8814321593364873,0.5291599403056989
0.002760587907866098,0.881841013959465,0.5299799557383188
0.002757638140745984,0.8824250919922901,0.5304622881101795
0.0027535236252483985,0.8827171310087027,0.5310353413043336
0.002748647007792062,0.8827171310087027,0.5317827800791186
0.0027443281586079405,0.8827755388119852,0.5324490741184078
0.002740234158160032,0.8831843934349629,0.5334364190677024
0.002736408882347838,0.883301209041528,0.5340392085313861
0.0027327010828986412,0.883534840254658,0.5345910935336717
0.002729012718075877,0.8838852870743531,0.5351485225862087
0.0027241837910340987,0.8841773260907657,0.5358188486620443
0.0027197977867480946,0.8842941416973308,0.5364543984226673
0.002715205137981953,0.8844693651071783,0.5371645408593984
0.002710599544373912,0.8845861807137434,0.5379517959950789
0.002705337873322484,0.8848782197301559,0.5387556832815132
0.0027026061075009944,0.8850534431400036,0.5392410396807836
0.0026989210715571447,0.8852286665498511,0.5399264858936681
0.0026930284964498605,0.8854038899596987,0.5407555734085173
0.002687459718394043,0.8856959289761112,0.5415765968502738
0.0026849461476216425,0.8858127445826762,0.542131001875401
0.002679860034739948,0.8859879679925238,0.5429232970567646
0.002675611978939561,0.8863968226155015,0.5438249612294486
0.0026715642841931802,0.8865136382220664,0.544435814766225
0.0026672754623852505,0.886805677238479,0.5452573422125498
0.0026626355460088137,0.8869224928450441,0.5459070041010852
0.00265710291163386,0.8872729396647392,0.5467376036296393
0.002653848302143024,0.8875065708778693,0.5472597523623954
0.002650679168143818,0.8876233864844343,0.5478645578443523
0.002645910499113589,0.8876233864844343,0.5486024205323397
0.002642052998204451,0.8879738333041294,0.5492697225807655
0.002638223167303737,0.8884995035336721,0.5498820881312468
0.0026353398931947803,0.8886747269435197,0.5504506052842862
0.002630084719076233,0.8889083581566497,0.5511849399402956
0.0026263091481302557,0.8893756205829099,0.5517826893582963
0.002623076132759081,0.8902517376321476,0.5527307219512637
0.002618452311586513,0.8903101454354302,0.5534630405889999
0.0026140679750561425,0.8906021844518428,0.5542961601403955
0.00260977097594692,0.8908942234682553,0.5549095337000135
0.002606137057358621,0.891069446878103,0.5555092991362873
0.0026012189204790447,0.8914198936977981,0.5562859701760337
0.002597565614101011,0.8916535249109281,0.5569623443066888
0.002593841337474218,0.8918871561240582,0.5575611017338261
0.002588450499585387,0.8921207873371882,0.5583715410796484
0.0025843581904758236,0.8925296419601659,0.5590474112057352
0.002580036022356903,0.892880088779861,0.5596824569617899
0.0025759817352671924,0.8932305355995561,0.5604162876132309
0.0025710326057463238,0.8936393902225337,0.5613068636854125
0.0025686297530672308,0.8938146136323812,0.561785668025295
0.0025660150758934873,0.8941066526487939,0.5625759471883853
0.002562905421388736,0.894457099468489,0.5631545444327908
0.002558183627083571,0.8949243618947491,0.5639886719933229
0.0025543394933841635,0.8952164009111617,0.5647013344528955
0.002550358948043257,0.8957420711407044,0.5655032057210566
0.0025466754603784237,0.895800478943987,0.5661261553674722
0.002543188154766797,0.8959757023538345,0.5667808573016906
0.002539404484689948,0.896034110157117,0.5674118710211989
0.0025352420586306555,0.896150925763682,0.5681336055630009
0.0025317978446984463,0.8965013725833771,0.5686723864465107
0.002527582636529943,0.8967934115997898,0.5693769848329905
0.0025240247857319874,0.8969102272063547,0.5699586061048058
0.002520873494975284,0.8969686350096373,0.5704671467142178
0.0025154967503566803,0.8974358974358975,0.5713874590559289
0.002512760067129109,0.8975527130424624,0.5718869275831117
0.002508536811543233,0.897611120845745,0.5725824538873621
0.0025028897972974354,0.8977863442555926,0.5733540848814254
0.0024990533539432447,0.8980199754687226,0.5740037467699607
0.0024968264409762323,0.8982536066818527,0.5744276146118988
0.0024940472471272858,0.8985456456982653,0.5748832347416397
0.0024895671108281212,0.8986624613048303,0.5755661609316827
0.002485730514598976,0.8989545003212429,0.5762284229344254
0.002482268293688163,0.8993633549442206,0.5768100442062407
0.0024775408567136977,0.8997138017639157,0.5778835739367142
0.002474205501999864,0.8998306173704806,0.5786078285013575
0.00246931370222541,0.8998890251737632,0.5792877306639908
0.0024649820099976144,0.9001226563868933,0.5800936339686983
0.0024617244284467804,0.9001810641901759,0.5806933994049722
0.0024575464312048827,0.9002394719934583,0.581486198590904
0.0024540935760353363,0.9003562876000234,0.5820154033876163
0.002450643233195164,0.9005899188131534,0.5825753524629947
0.002447590887055017,0.9009987734361311,0.5834135120600733
0.0024433463831419915,0.9012324046492611,0.5842446155931957
0.0024387217016829145,0.9014076280591087,0.585087311231389
0.0024348232892541124,0.9016412592722388,0.5858297099604911
0.002431866070139191,0.9019917060919339,0.5864118352368746
0.0024279565351408203,0.9022837451083465,0.5872152185187407
0.0024242231869980664,0.9024005607149115,0.5878875606128494
0.002420612637770939,0.902575784124759,0.5884767419531891
0.0024169741999183736,0.9028678231411716,0.5892468609335475
0.0024115180562158337,0.9029846387477367,0.5901389490194339
0.0024075087913389822,0.9032182699608667,0.5908052430587231
0.002404130435006808,0.9035687167805618,0.5914392808056412
0.0024008107636475824,0.903919163600257,0.5924029375402259
0.002397414055527589,0.9041527948133871,0.592981030780063
0.002393516589407092,0.9043280182232346,0.5936180925543909
0.002389762012466752,0.9043864260265171,0.5942783385388605
0.002385631579799644,0.9045616494363647,0.5950469455055141
0.0023813302112968104,0.9047952806494948,0.5959450816462201
0.00237769871898502,0.9049120962560598,0.5965695433063405
0.002374576819798562,0.9052041352724725,0.5972801897476399
0.002372943623600405,0.90537935868232,0.5975896485525745
0.0023701312167339144,0.9057882133052976,0.5986173138673329
0.002366623130381162,0.9060218445184277,0.5992609277010487
0.002362220848690261,0.9061386601249927,0.6001081593803567
0.0023585679362699893,0.9063722913381228,0.600650972300413
0.0023538435668881788,0.906839553764383,0.6014064751482907
0.0023502134027638807,0.907073184977513,0.6020727691875799
0.002347099922729857,0.9073652239939256,0.6029698973191493
0.002342558330943191,0.9076572630103382,0.6038030168705449
0.002338223052002072,0.9078324864201858,0.6046578086183774
0.002334270817750781,0.9080661176333158,0.6057031140930261
0.002330754714698718,0.9082997488464459,0.6063089275841196
0.0023262624029510683,0.9084749722562935,0.6070200780299873
0.002322588611509309,0.9087086034694235,0.6077952370560287
0.0023199325790815807,0.9089422346825536,0.6083723222867292
0.002315625981819069,0.9093510893055312,0.6090103920701937
0.00231206432611422,0.9095847205186612,0.6096232616252434
0.002311607033696216,0.9097015361252263,0.6099322164256097
0.002308263621861691,0.9098183517317914,0.610581878314145
0.0023041160532306336,0.9100519829449214,0.6116977444283554
0.002300786637209993,0.9102856141580515,0.6123156540290882
0.002297928006161727,0.9105192453711816,0.6129360836526623
0.002294016134215979,0.9106360609777466,0.6136804984000375
0.0022895109134132515,0.9109280999941592,0.6144929537641329
0.002286763426120558,0.9110449156007242,0.615108343342024
0.002283744467944737,0.9111617312072893,0.6156904686184076
0.0022805203118989124,0.9113369546171368,0.6163164422922329
0.002276703622890606,0.9115121780269844,0.6170412008614446
0.002275694564739291,0.9117458092401145,0.6173783799176356
0.0022712329676649145,0.9122714794696571,0.6182472837933803
0.0022677544023692216,0.9124467028795047,0.6188944256590742
0.002264300414468069,0.9125635184860698,0.6195975120318491
0.0022613772782220146,0.9127387418959173,0.620234573806177
0.002259407437553508,0.9129723731090473,0.6207128741414912
0.0022545078332543962,0.9131475965188949,0.6215495217248649
0.0022504568889832387,0.91326441212546,0.6223705451666214
0.0022460516919663547,0.9134980433385901,0.6231265520190675
0.002242248806017662,0.9137316745517201,0.6237157333594072
0.002238899352972097,0.9141989369779803,0.6243996675585868
0.002234698804518691,0.9144909759943929,0.625181378644016
0.002232160031310452,0.9146661994042404,0.6257347756600066
0.0022291888615786127,0.914841422814088,0.6263647813703783
0.0022260335561969037,0.9156007242567608,0.6275542321515603
0.0022232040061775,0.9157759476666083,0.6282149821405981
0.0022197912762123395,0.9161263944863034,0.6289699809839077
0.002216764868197215,0.9163016178961509,0.6295188419587835
0.002213121811433772,0.9164768413059985,0.6301226394316038
0.002210366370248979,0.9167104725191285,0.6307304689409705
0.00220584383886807,0.9169441037322587,0.6315247801406072
0.0022022977511518644,0.9171193271421062,0.6322893550707144
0.0021967045515215275,0.9172945505519537,0.633300388234719
0.0021924163075349124,0.9174697739618013,0.6339954105344011
0.0021893204121654496,0.9176449973716488,0.6345926559478335
0.0021860795415582965,0.917878628584779,0.6352382857998224
0.0021816861331239294,0.9180538519946265,0.6359963086705418
0.0021772623482849227,0.9182290754044741,0.6367603795960807
0.002173754789774252,0.9184627066176041,0.6373742571602669
0.002169410663730619,0.9187547456340167,0.6382426570314433
0.002164920968850545,0.9189883768471467,0.6391760734919302
0.0021616224270308445,0.9191636002569943,0.6399658486504521
0.002157910789047061,0.9193388236668419,0.6407258875394447
0.002155569432308698,0.9195140470766895,0.6412742445097522
0.002151484448875818,0.919806086093102,0.6419899309967345
0.002148260970643357,0.9200397173062321,0.6425866724055986
0.0021457448305767755,0.9203901641259272,0.6432484304037732
0.002141301891886308,0.9204485719292097,0.644056349726754
0.002137446377574752,0.9205653875357748,0.6448264687071124
0.002135886840364011,0.9205653875357748,0.6452876328871044
0.002132884024550697,0.9207406109456223,0.6458420379122316
0.0021292568017077145,0.9211494655686,0.6465219400748649
0.0021254736733561613,0.921266281175165,0.6472855069958354
0.0021223966197133647,0.9214415045850125,0.6479119846742291
0.0021189749772939004,0.9216167279948602,0.6486049909556381
0.0021163221264051024,0.9217335436014251,0.6491226036472795
0.0021122494911813517,0.9220255826178377,0.649901290705299
0.0021083556423037025,0.9221423982244028,0.6506865298227064
0.002105265321849318,0.9223176216342504,0.6512832712315705
0.0021032867552108776,0.9227264762572279,0.6516900029181865
0.002099788505820955,0.9229016996670755,0.6523814971858904
0.002097344359169199,0.9230185152736405,0.65299739076835
0.0020955800152883146,0.9232521464867707,0.6534530108980908
0.0020922812476405176,0.9236025933064658,0.6541374491018387
0.002087454465569388,0.9237778167163133,0.6549851847857149
0.0020845584366391114,0.9239530401261609,0.6556061184138573
0.002081999847095178,0.924420302552421,0.6560904668039911
0.002079752976397447,0.9245955259622686,0.6566640240027135
0.0020748326563930007,0.9250043805852461,0.6575656881753976
0.0020724587050900234,0.9250627883885287,0.6581125331320004
0.0020691836894124907,0.9251211961918112,0.6587677390707869
0.002066714874192098,0.9253548274049413,0.6594627613704691
0.002063406033936553,0.9254716430115063,0.6601482075833536
0.002061180307469299,0.9256468664213539,0.6606597722201754
0.0020580042835079892,0.925880497634484,0.6612902819351154
0.0020555337181067325,0.9259973132410491,0.6618199907363961
0.002052484078965664,0.9263477600607442,0.6624086680721674
0.0020491030036221447,0.9265229834705917,0.6630023854536218
0.002045707876562612,0.9265813912738742,0.6636439832690644
0.0020421291680989945,0.9266982068804392,0.6643435416098612
0.0020385863327232767,0.9268150224870043,0.6650178997222431
0.00203643873906381,0.9268734302902868,0.6655556725966164
0.002034620972953383,0.9269902458968519,0.6661367898638634
0.0020302494741224557,0.9272238771099819,0.6669870455705811
0.002026906356813681,0.927457508323112,0.6676135232489747
0.002023981935175721,0.927691139536242,0.6681467600822334
0.002020793802698838,0.9280415863559371,0.6687626536646928
0.0020166576617250413,0.9280999941592196,0.6694959803115655
0.0020144316018775236,0.9282168097657847,0.6700806256107905
0.0020112910325409046,0.9285088487821973,0.6707690958510848
0.002009264221363632,0.9286840721920449,0.6712988046523654
0.0020052853053907976,0.9289177034051749,0.6720462434271505
0.0020022130737699212,0.929151334618305,0.6726591129822
0.0019994641970664025,0.9293265580281526,0.6732704705235448
0.001996492654597569,0.9294433736347176,0.6738712439689554
0.0019931361504094075,0.9297354126511302,0.6744427851494046
0.001990546676499718,0.9299106360609778,0.6749372136309043
0.0019864037099007747,0.9302026750773903,0.6756695322686405
0.001983576945313,0.9303194906839554,0.6763257462165637
0.001980474239304999,0.9304947140938029,0.6770096804157433
0.0019785633905548485,0.9307867531102155,0.6775313251439311
0.001976373126308089,0.9310203843233456,0.6780151695294966
0.0019755846476307427,0.9312540155364757,0.6783321884029557
0.0019715147252140205,0.9316044623561708,0.6791159155066582
0.0019684543753467967,0.9316628701594533,0.6796930007373587
0.0019645915722398388,0.9317796857660183,0.6804787438593344
0.0019613703222556822,0.9319549091758659,0.681110261583411
0.0019584707878127225,0.9321301325857134,0.6816878508186798
0.0019543780641099566,0.932188540388996,0.682498290164502
0.0019522272176372665,0.9322469481922785,0.6829967506825482
0.001949080144462912,0.9325389872086911,0.683681188886296
0.0019455079909629206,0.9326558028152561,0.6843716751448635
0.0019428771455303254,0.9328894340283862,0.6849286001928322
0.0019399520554310727,0.9330062496349513,0.6855344136839256
0.0019377097143248856,0.9332398808480813,0.6860414422796328
0.00193464664500688,0.9335319198644939,0.6867420086295662
0.0019307371162744066,0.9337655510776239,0.6874410629657948
0.001926540280785241,0.933882366684189,0.6882101739370166
0.001922450439746855,0.9339991822907541,0.6890407734655707
0.0019202466056711914,0.934115997897319,0.6895291538922509
0.0019171645074317024,0.9343496291104492,0.6900729748214438
0.0019146448050238161,0.9345832603235792,0.6906334279013905
0.001911467934005325,0.9349337071432744,0.6913027459680895
0.0019083961461832167,0.9351089305531219,0.6921988660905223
0.0019061952593384464,0.9352257461596869,0.6926761584166999
0.0019020643969823484,0.9355177851760995,0.6934261172143265
0.001898107145271336,0.9357514163892297,0.6941312196053745
0.001894316749050105,0.9361018632089247,0.694979459293819
0.0018896444752572329,0.9362770866187723,0.6957818345665485
0.001886510967834068,0.9365107178319023,0.6964118402769203
0.001884417244684219,0.9367443490450325,0.696938525050791
0.0018808874981890238,0.9370947958647275,0.6976073391129217
0.001877581127565918,0.9372116114712926,0.6984651548881639
0.0018741606859484848,0.9375036504877051,0.6991223768452237
0.0018713726557574922,0.9375620582909877,0.6996767818703509
0.001868497833371469,0.9376788738975527,0.700292171448242
0.0018653841771394653,0.9379125051106828,0.7008591765875766
0.0018626742599473008,0.9379125051106828,0.7013793093020595
0.0018591902221280368,0.9383213597336604,0.7020662675286489
0.0018565654123664922,0.9385549909467905,0.70268165710654
0.0018537538677647425,0.938613398750073,0.7033847434793149
0.0018499180346595613,0.9387886221599205,0.7041941748160006
0.0018465544283257761,0.9388470299632031,0.7050434225135817
0.001842305425673934,0.9390806611763332,0.7058956942385726
0.0018396159716518453,0.9392558845861807,0.7064702594464316
0.0018350943501914965,0.9394311079960282,0.7073411793404495
0.001832409500108029,0.9397815548157233,0.7080301535853121
0.00182899110059617,0.9401320016354185,0.7087261838941308
0.0018260487183404941,0.940190409438701,0.7093914699242834
0.0018230019634591886,0.9403072250452661,0.7099781312417816
0.0018190766662818587,0.9403656328485486,0.7106696255094856
0.0018164304810750573,0.940424040651831,0.7112819910599669
0.0018125899005479453,0.9405992640616786,0.7119946535195395
0.001809605931057716,0.9407160796682437,0.7125762747913547
0.0018066926285350289,0.9410665264879388,0.7131236237525257
0.001804354054945832,0.9411249342912213,0.7137984858694759
0.00180056368993206,0.9415337889141989,0.7145232444386876
0.0017964827785481282,0.941650604520764,0.7153115075835047
0.0017936287684291547,0.9417090123240465,0.7159737695862475
0.0017908690460691824,0.9419426435371766,0.716598231246368
0.0017873858523657282,0.9422346825535891,0.7173360939343554
0.001783162732782563,0.9424683137667192,0.7181767735542754
0.0017800468912110587,0.9425267215700017,0.7188133313240351
0.0017768170036701336,0.9428187605864143,0.7194690412673901
0.0017733244413257023,0.9430523917995444,0.7201025750097398
0.001769316169348989,0.943344430815957,0.7210717757945758
0.001765788783431822,0.9435780620290871,0.7218056064460169
0.0017637541971482476,0.9439869166520647,0.7222975149046751
0.0017609041094269488,0.9441037322586298,0.7229688489896472
0.0017576734454882374,0.9445125868816073,0.7236185108781826
0.0017549206638919044,0.944687810291455,0.7241729159033098
0.0017505228153127776,0.944921441504585,0.7250014994135907
0.0017472625479258437,0.9450966649144326,0.7256874496310435
0.0017435129158728494,0.9452718883242801,0.726442448474353
0.0017394725408692044,0.9453887039308452,0.7271883752354331
0.0017357787980317322,0.9455055195374102,0.727901541699574
0.001732068971944123,0.9456807429472578,0.7285804358530705
0.0017285967541472852,0.9458559663571053,0.7292840262304138
0.0017249912528412455,0.946148005373518,0.7301065616858751
0.0017205223856982302,0.9462648209800829,0.730982521625576
0.001717785735027645,0.9464400443899305,0.731726432368383
0.0017159438383934247,0.9466736756030606,0.7321810444889872
0.0017127840194272074,0.9469073068161906,0.73284330649173
0.001709120775107451,0.9471409380293208,0.7336371136867984
0.0017063571491353346,0.9471993458326032,0.7343487681372344
0.0017027865431867184,0.9474329770457333,0.7350518545100093
0.0016997966510378982,0.9476666082588634,0.7356400278412124
0.001695727686648082,0.9477250160621459,0.7364761714200178
0.0016933326735034705,0.9477250160621459,0.7370199923492107
0.0016903788135887376,0.9480170550785585,0.7377210627037123
0.0016863126074870007,0.948075462881841,0.7384735415241803
0.0016818182879763765,0.9484843175048187,0.7392749087877732
0.0016773888647508652,0.9486595409146662,0.7401281885219008
0.00167466544171687,0.9489515799310788,0.74077079434648
0.0016719165095824375,0.9490683955376439,0.7414738807192548
0.0016679566891159884,0.9493604345540564,0.7422812960376672
0.0016637666728296825,0.949418842357339,0.7431890082651709
0.0016597650327979914,0.9497692891770341,0.7439843274739443
0.0016573319507808613,0.9499445125868816,0.7444863160239684
0.0016540554640671304,0.9501197359967292,0.7452387948444364
0.0016503835276851686,0.9504701828164243,0.7460719143958321
0.0016455380993115039,0.9507622218328369,0.7470345631212801
0.0016425894212209542,0.9508206296361194,0.7478157702021411
0.0016399955750091757,0.9508790374394019,0.7483908394145684
0.0016365988767666848,0.9510542608492495,0.7490929177782067
0.0016334611476748616,0.951229484259097,0.7499215012884877
0.0016304981279585565,0.9514631154722271,0.7507208525338074
0.001627750143205856,0.9515215232755097,0.7513921866187795
0.0016251939712709491,0.9518719700952047,0.75196927184948
0.0016222965823347207,0.9519303778984872,0.7527343507841555
0.0016198884358245849,0.9519887857017697,0.7533179880742439
0.001616737931606669,0.9522808247181823,0.75397924206785
0.0016135774652206384,0.9526312715378774,0.7547770812994649
0.001610068819092696,0.9528064949477251,0.7555189760239986
0.001607058152989391,0.9532737573739851,0.7562502866525982
0.0016039032565909606,0.9533905729805502,0.7568954125000189
0.0015996506747179672,0.9535657963903977,0.7578021167183859
0.0015966326801509338,0.9537410198002453,0.7585883638449299
0.0015928411428670784,0.9540914666199404,0.7593977951816155
0.0015903271733849395,0.9542082822265054,0.759995040595048
0.001586653017236058,0.9544419134396356,0.7608211040824874
0.0015824470063371795,0.9547339524560481,0.7617520005201327
0.001578070042739774,0.9547339524560481,0.7626501366608387
0.0015734592780063865,0.9549091758658956,0.7637055222268535
0.0015709689625519627,0.9552012148823082,0.7642705113479149
0.0015686089384999915,0.9554932538987209,0.7649196692318819
0.0015637937828381948,0.9555516617020033,0.7658052052583805
0.0015609396847953946,0.9557852929151335,0.7664029546763812
0.001557825971896676,0.956194147538111,0.767187185784652
0.0015539012010253755,0.9564277787512412,0.7679744409203325
0.001551426464136168,0.9564861865545237,0.7686200707723215
0.0015483572382400089,0.9567198177676538,0.7692752767111081
0.001545764547485786,0.9568950411775013,0.7699198985539605
0.0015426249155285276,0.9570702645873489,0.7705685524333593
0.0015368414554142776,0.9572454879971964,0.7716274660313521
0.0015334056507144212,0.9573038958004789,0.7723386164772198
0.0015301724138046561,0.9575959348168915,0.7731767760742984
0.0015259689783330595,0.9577127504234566,0.7741147285758998
0.0015228977422183018,0.9577127504234566,0.7748349511039968
0.0015201381291333619,0.9578879738333042,0.7754856210016687
0.0015167015898564552,0.9581216050464342,0.776336884717523
0.0015120035451550958,0.9584136440628468,0.7772718131917148
0.0015101887463696384,0.9585304596694119,0.7778277302305469
0.0015071481659089704,0.9585888674726943,0.7785812170601515
0.0015029547898212552,0.9588224986858245,0.7793876243694273
0.0015008253737082765,0.958997722095672,0.7799994859153403
0.0014977374354667571,0.959231353308802,0.7806713240048808
0.0014939174903574087,0.9594065767186496,0.7814742032821785
0.0014893541349064686,0.9595818001284971,0.7825885573826841
0.0014875628636916735,0.9597570235383447,0.7830371214484688
0.0014844756580840279,0.9598738391449098,0.7836701511862504
0.0014802065183530323,0.9599322469481922,0.7845617352675684
0.0014756321934588116,0.9599906547514748,0.7854160230108326
0.0014716864213160385,0.9601658781613224,0.7862088221967644
0.0014685506417406536,0.9603995093744524,0.7869240046791784
0.0014643564312485633,0.9606331405875825,0.7877142838422687
0.001460674972866847,0.9609835874072776,0.7885448833708228
0.0014571181724394415,0.9612756264236902,0.7892807300405371
0.0014545657227273251,0.9612756264236902,0.7898568072621011
0.0014511835706614695,0.9618597044565154,0.7906178541602301
0.001447211912564261,0.962151743472928,0.7914580297755819
0.0014437151702877534,0.962268559079493,0.7921555720981055
0.0014414161087519947,0.962385374686058,0.7928561384480389
0.001438866200283872,0.9625021902926231,0.7935163844325085
0.001435043324145458,0.9627358215057532,0.7943369038696967
0.0014302504359294805,0.9630278605221657,0.7952431040834954
0.0014280053967564153,0.9630862683254483,0.7958055731817153
0.0014243975932169905,0.9633783073418609,0.7965358758011782
0.001421927129963038,0.9633783073418609,0.7971059049679227
0.0014192537214910044,0.9634951229484259,0.7978311675417026
0.0014186912672495033,0.9635535307517085,0.7981421383603421
0.0014163830720114042,0.963728754161556,0.7986678151250763
0.0014123797169480127,0.9641376087845336,0.79955183913787
0.0014080293744896087,0.9643712399976637,0.8004948316851543
0.0014042903088626116,0.9645464634075113,0.8012846068436764
0.00140073277225075,0.9647800946206413,0.801973581088539
0.0013966523863913106,0.9651305414403364,0.8027895644846125
0.0013919830811698953,0.9653057648501839,0.8037774134384754
0.0013876270180928337,0.965422580456749,0.8047062938578475
0.001383580324223173,0.9655978038665965,0.8055132051716917
0.0013794687802022967,0.9657730272764441,0.8063246525266505
0.001376064666223009,0.9660066584895742,0.8070690672740257
0.0013712397521567395,0.9660650662928567,0.8080206278989712
0.0013678460644117134,0.9661818818994218,0.8087897388701931
0.0013653504997172628,0.9664739209158344,0.8094096644891989
0.0013609867075251804,0.9667075521289644,0.8103264487989319
0.0013573800908712856,0.9670579989486595,0.8110648154914876
0.0013536444811146208,0.9672916301617897,0.8119059991159759
0.0013495111237978384,0.9674668535716372,0.8127713749597426
0.0013460733974249447,0.9677004847847672,0.8135389739172596
0.0013436664977379293,0.9678757081946148,0.8142334922123734
0.0013395446495930731,0.9679341159978974,0.8150973560424352
0.0013346234963185686,0.9682845628175925,0.8160368205577415
0.001330968792418593,0.9683429706208749,0.8169425167669719
0.0013280680269221867,0.9685766018340051,0.817717171788445
0.0013244527078388247,0.9689270486537002,0.8185190430566063
0.0013215654021577151,0.9690438642602651,0.8191732409862563
0.00131625507032571,0.9692190876701128,0.8202628988629153
0.001312213554011215,0.9694527188832428,0.8212129474741559
0.001309173116494553,0.9696863500963728,0.8219991946006998
0.001306066255357969,0.969919981309503,0.8226881688455624
0.0013028324213519161,0.9700952047193505,0.8236503135664421
0.0012994092794837494,0.9703872437357631,0.824331223738212
0.0012959052514287465,0.9705040593423281,0.8250610223531066
0.0012920039703394827,0.9706208749488932,0.8258674296623825
0.0012890401367382212,0.9706792827521757,0.8265453158067425
0.0012852390750660294,0.9707376905554582,0.8273839794083894
0.0012817669171549873,0.9709713217685882,0.8281455303110867
0.0012786486990143445,0.9712633607850009,0.8288501286975665
0.0012747958496688724,0.9713217685882833,0.8295935354358052
0.0012716570218474373,0.9713217685882833,0.8303218220369949
0.0012670070003598824,0.9715553998014135,0.8312496944472305
0.0012625182754801491,0.9716722154079785,0.8322219192594762
0.0012596391359108276,0.971964254424391,0.832901317417541
0.0012556574016948,0.9721978856375212,0.8338599341064428
0.0012518943622533778,0.9723147012440863,0.8346960776852481
0.0012479601377792461,0.9725483324572163,0.8354445244691698
0.001243539304391175,0.9727819636703463,0.8364474935600816
0.0012402720783224346,0.9727819636703463,0.8372745650566576
0.0012365412504793687,0.9728403714736289,0.8380643402151797
0.0012327767921990805,0.9730740026867589,0.8388329471818332
0.001228380500945335,0.9732492260966065,0.8397794677610958
0.0012254095118249615,0.973424449506454,0.840505234339444
0.0012221808293914887,0.9735412651130191,0.8412204168218581
0.0012191066667090241,0.9736580807195842,0.8419648315692333
0.0012168746915097019,0.9738333041294317,0.8426800140516474
0.001213182943083347,0.9740669353425617,0.8434183807442031
0.0012106925159786565,0.9743005665556919,0.8439596816505545
0.001207029985766091,0.9745341977688219,0.8446728481146953
0.0012037887220190952,0.9745926055721045,0.8453693824280823
0.0011995975763637074,0.9747094211786694,0.8464298080397801
0.0011967854996619148,0.974767828981952,0.847080477937452
0.001193555419154316,0.9750598679983645,0.8478072525249369
0.0011900360557013175,0.9751182758016471,0.8486020677291419
0.0011858849007997008,0.9753519070147771,0.8493752107369101
0.0011823864390800099,0.9754103148180597,0.8500823291462314
0.0011788186773843893,0.9754687226213422,0.8508201918342188
0.0011753468714968075,0.9755271304246247,0.8515147101293327
0.0011720143621885473,0.9757023538344722,0.8522944051964887
0.0011703904136833446,0.9758191694410373,0.852786313655147
0.0011665312469591538,0.9759943928508849,0.853581128859352
0.0011634178987128432,0.9761696162607324,0.8542186946382482
0.0011592164372506606,0.97634483967058,0.8551677352403522
0.0011562509689903007,0.9766368786869926,0.8558652775628758
0.0011528913276197025,0.9769289177034052,0.8565804600452899
0.0011498385919293116,0.9771625489165352,0.8572679222764475
0.0011468757960891914,0.9772209567198178,0.8579755446903371
0.0011437963548502866,0.9773961801296653,0.858659982894085
0.0011399498380749015,0.9775714035395129,0.8593671013034062
0.0011379664645010624,0.9776298113427954,0.8598590097620645
0.001135094021873775,0.9778050347526429,0.8604955675318241
0.0011311228114532894,0.977921850359208,0.8613175989827172
0.0011269213376894494,0.9781554815723381,0.8621567665889324
0.0011241415986809355,0.9781554815723381,0.8627535079977965
0.0011206466307373492,0.9782722971789031,0.863518586932472
0.0011179223000763162,0.9783891127854681,0.8641143203321995
0.001114179173452639,0.9785643361953157,0.8647654942344397
0.0011100201314819564,0.9786227439985982,0.8656681664162604
0.0011053147028622294,0.9787979674084458,0.866523462168661
0.0011023509762893614,0.9789147830150108,0.8671892522033819
0.001099197630901374,0.9790315986215758,0.8677864976168144
0.0010963952246170136,0.9790900064248583,0.868390799094203
0.0010935727836965461,0.9791484142281409,0.8690051806629575
0.0010906906538159977,0.9792652298347059,0.8697324592550106
0.0010867928738178113,0.9793820454412709,0.8705655788064063
0.0010825349734549608,0.9793820454412709,0.871468250988227
0.001078788696309858,0.9795572688511185,0.8722292978863561
0.001075485678053024,0.979732492260966,0.872871399706367
0.0010722801737258858,0.9798493078675311,0.8736032143395348
0.0010693221253923195,0.9799077156708136,0.8742785804610533
0.001065466847721398,0.9800245312773787,0.8750633155738924
0.0010613719920143307,0.9801997546872262,0.8759488516003909
0.0010586404518277534,0.9803165702937913,0.8766020415209044
0.0010547639833264324,0.9803749780970737,0.877445241163666
0.001051316299017039,0.9806086093102039,0.8781014551115891
0.0010488126904430986,0.9807838327200514,0.8787344848493707
0.0010454773955262996,0.9808422405233339,0.8793972508566817
0.0010421375993638607,0.980959056129899,0.8800660649188125
0.0010380497052295463,0.980959056129899,0.8808749922509298
0.001033954840723459,0.981192687343029,0.881624447043988
0.0010293200473160552,0.9816015419660067,0.8826032239156216
0.0010261427569953267,0.9816015419660067,0.8832317176122885
0.001022106027941667,0.9818351731791367,0.8841076775519894
0.0010182995039940224,0.9820103965889843,0.8848556203313427
0.0010147295108435463,0.9822440278021144,0.8855188903432221
0.001011005913658731,0.9823608434086794,0.8862189526885872
0.0010074236294281911,0.9824776590152444,0.8868822227004666
0.0010037096688449672,0.9825944746218095,0.8875782530092853
0.0010001430042098423,0.982769698031657,0.8883282118069118
0.0009976546271331297,0.9829449214415046,0.8888896728959951
0.000994521326998569,0.9831201448513521,0.8895378227708256
0.0009909815763168327,0.9831785526546346,0.8902610693263324
0.0009891052955513047,0.9832953682611997,0.8907882581047715
0.000985327202228927,0.9834705916710472,0.891546784980059
0.0009826215349360537,0.9835289994743298,0.8920679257036785
0.0009808003228569606,0.9835289994743298,0.8925043936598241
0.0009772823256878212,0.9836458150808948,0.8931762317493646
0.0009737085033871897,0.9837626306874598,0.8938868781906639
0.0009698962664043524,0.9838210384907423,0.8946842134177104
0.0009659223615313196,0.9838794462940249,0.8954518123752274
0.0009629815993674072,0.9841714853104375,0.8961654828439365
0.0009596727011165232,0.9842883009170025,0.896822200796428
0.0009543481878771217,0.9844051165235675,0.8978100497502909
0.0009502917162562141,0.9844051165235675,0.8985635365798955
0.0009472718029242932,0.98446352432685,0.8992494867973483
0.0009454015864806892,0.9845219321301326,0.8997177070412966
0.0009425319176214473,0.9846971555399802,0.900301344331385
0.0009405715271268913,0.9848139711465452,0.9007730926073114
0.0009356647727778653,0.9850476023596753,0.90165862863381
0.0009301233122040217,0.9852812335728053,0.902629845436919
0.0009276202784086076,0.9853980491793704,0.9031716503478388
0.0009247652305588287,0.9855148647859354,0.9037426875237197
0.0009208305919002367,0.9856316803925005,0.9044860942619584
0.0009175179225451537,0.9857484959990654,0.9051791005433674
0.0009135181305059258,0.9859821272121956,0.9059189792496279
0.0009098820347194547,0.9860405350154781,0.9066321457137687
0.0009056328165726516,0.9861573506220431,0.9074314969590884
0.0009005852425197274,0.9863909818351732,0.9083084649079259
0.0008974328114450196,0.9864493896384557,0.9090095352624277
0.0008931711327995064,0.9865077974417382,0.9097831822747642
0.00088941029284727,0.9867414286548682,0.9104449402729387
0.0008853923556941733,0.9869166520647158,0.9111807869426528
0.0008813062210054023,0.9869750598679984,0.9118924413930888
0.0008771330486726581,0.9870918754745635,0.91269431266125
0.0008746474414079026,0.9871502832778459,0.9132204934305524
0.0008706535426498051,0.987267098884411,0.9139134997119613
0.0008672593580576782,0.987383914490976,0.9147098269298712
0.0008650760877724198,0.987500730097541,0.915200727379393
0.0008597148164342871,0.9876175457041061,0.9160157027663298
0.0008565267122264054,0.9877927691139536,0.9166441964629968
0.0008543218445266533,0.9878511769172361,0.9171532410769772
0.0008507922688416466,0.9880264003270837,0.9178099590294686
0.0008463471674639482,0.9881432159336487,0.9186244304118373
0.0008419362943772922,0.9883768471467788,0.9193985814287421
0.0008383685009385599,0.9884352549500613,0.9200426992670262
0.0008367533651484026,0.9884352549500613,0.9204892473145376
0.0008331857960189309,0.9886104783599089,0.9210960688147677
0.0008296669114859602,0.9886688861631914,0.9217094423743857
0.0008255795869828454,0.9888441095730389,0.9224195848111167
0.0008213089136132548,0.988960925179604,0.9230984789646134
0.0008171562933729075,0.988960925179604,0.9239240384474845
0.0008130119069571619,0.9890777407861691,0.9246916374050015
0.0008094724536855457,0.9890777407861691,0.9253443233209466
0.0008058289301806692,0.989194556392734,0.9260252334927164
0.0008025917667403451,0.9893113719992991,0.9266496951528369
0.0008016304765745353,0.9893113719992991,0.9271809159678224
0.0007991203927183668,0.9894281876058642,0.9277615292305009
0.0007961931563238178,0.9895450032124292,0.9282327735018591
0.000792833917686037,0.9895450032124292,0.9288819313858261
0.0007905817596924114,0.9896618188189942,0.9293047912186276
0.0007864960789571239,0.9897786344255592,0.9299423569975238
0.0007823670744483229,0.9899538578354068,0.9306348592743645
0.0007790979512619237,0.9901290812452543,0.9311731361533061
0.0007748371634295489,0.9902458968518194,0.9318651344255784
0.0007696389900747692,0.990421120261667,0.9327617585525795
0.0007654564389512768,0.990771567081362,0.9334265405781638
0.0007615002639410411,0.9909467904912096,0.934091322603748
0.0007582883270571607,0.9911220139010571,0.9346290954781215
0.0007549546908432806,0.9913556451141873,0.9352112207545049
0.0007504049343087832,0.9914140529174698,0.9359521074699021
0.0007471298744877227,0.9914724607207523,0.9365407848056735
0.0007439826152596851,0.9915308685240348,0.9371980067627333
0.0007399789536117971,0.9915308685240348,0.937848172655837
0.0007360544133976926,0.9915892763273173,0.9384111457586252
0.0007309802511016269,0.9917060919338824,0.9390774397979144
0.0007268718550309071,0.9918813153437299,0.9397805261706892
0.0007219801574462327,0.991998130950295,0.9405602212378453
0.0007175245407452888,0.9921733543601425,0.941322276145111
0.0007133592657710513,0.9923485777699901,0.9421569077102114
0.0007104800889111536,0.9925238011798376,0.9426997206302677
0.0007089498758509262,0.9925238011798376,0.9430434517458466
0.0007052682935226644,0.9926406167864027,0.9436170089445691
0.0007021788958403994,0.9926990245896852,0.9441915741524282
0.0006991265080361692,0.9926990245896852,0.9447101948532062
0.0006947407671867483,0.9927574323929677,0.9453800169244734
0.0006895578816330099,0.9927574323929677,0.9461299757220999
0.0006851619863317889,0.9929910636060978,0.9467141170167567
0.0006805873167512644,0.9931078792126629,0.9473804110560458
0.0006778746531736037,0.9931662870159453,0.947840063222333
0.0006725195374054603,0.9933415104257929,0.9486424384950625
0.0006693645220535085,0.9933415104257929,0.9491912994699384
0.0006652830367718037,0.9933999182290754,0.9497991289793051
0.0006619619644725758,0.9933999182290754,0.9503651261095031
0.0006567500364383041,0.9935167338356404,0.9510566203772071
0.0006544653756826795,0.993691957245488,0.9514946003470576
0.0006510009639986952,0.9938671806553355,0.9520187650980868
0.0006494027544071753,0.9938671806553355,0.9524023125745612
0.0006468306580155931,0.9940424040651831,0.9528433165718214
0.0006428474464338097,0.9941008118684657,0.953420401802522
0.0006393978372859426,0.9941592196717481,0.9539450705581195
0.0006357304238622674,0.9942176274750306,0.9544561311903731
0.0006323852432754487,0.9942760352783132,0.9549530796947143
0.0006292273526516719,0.9942760352783132,0.9554984126376121
0.0006260560896601267,0.9943928508848782,0.9560155213246853
0.0006211719508548619,0.9945096664914432,0.9566520790944449
0.0006160060225648509,0.9946264820980083,0.9572800687865435
0.0006125347518964839,0.9947432977045734,0.957758873126426
0.0006087414056018122,0.9947432977045734,0.9583420064119461
0.0006053332030156438,0.9947432977045734,0.9588898593776854
0.0006007711765258241,0.9949185211144209,0.959475512686047
0.0005978281882828737,0.9949769289177034,0.959938188879744
0.0005935758010351742,0.9950353367209859,0.9603968330368946
0.0005893500038798325,0.9950353367209859,0.9609784543087099
0.0005858164710114501,0.9950353367209859,0.9615459634526128
0.0005827801952771729,0.9950937445242685,0.9621069205371278
0.0005803680163024098,0.9952105601308335,0.9625449005069782
0.0005744056917212074,0.9952105601308335,0.9631628101077108
0.0005703639123080178,0.9952105601308335,0.9637252792059308
0.0005639656839628933,0.9953857835406811,0.9644243335421592
0.0005604534330545237,0.9953857835406811,0.9649656344485107
0.0005559990461440442,0.995502599147246,0.9654867751721301
0.0005503893275342264,0.9955610069505286,0.9661263569692996
0.0005453593359496931,0.9957362303603762,0.9666802579898585
0.0005423155872250307,0.9957946381636587,0.9671318460830529
0.0005385663881595557,0.9957946381636587,0.9676434107198748
0.0005349633452144437,0.9957946381636587,0.968108102931845
0.0005319947875158893,0.9957946381636587,0.9685959793539569
0.0005270985406814329,0.9960282693767888,0.9691327442191936
0.0005253486156378816,0.9960282693767888,0.9695535880337219
0.0005210404613942087,0.9962034927866363,0.9700515445471998
0.0005170739250879117,0.9962034927866363,0.9705873014033
0.0005133736108836181,0.9962619005899188,0.9710656017386141
0.0005120027617172894,0.9962619005899188,0.9713916926943026
0.0005117301907782046,0.9963203083932013,0.9717843122530062
0.0005071330363702787,0.9963203083932013,0.9722747086979596
0.0005033033172454555,0.9963787161964839,0.9727711531977326
0.0004983671355936747,0.9963787161964839,0.9732408854553858
0.0004927074509951244,0.9963787161964839,0.9740205805225418
0.00048723544476734864,0.9964371239997664,0.9745644014517347
0.00048210496273608407,0.9964955318030488,0.9751485427463914
0.00047780181798479023,0.9966123474096139,0.9756404512050497
0.000474109679640059,0.9966123474096139,0.9761182475357957
0.000470202683888276,0.9966123474096139,0.9765547154919412
0.0004662021955028752,0.996729163016179,0.9770037835622942
0.00046256662284311457,0.996729163016179,0.9774271473996641
0.00045725289801617336,0.996845978622744,0.9779316559725297
0.0004517242706580752,0.996845978622744,0.9784018922347513
0.00044889014467924647,0.9969043864260265,0.9788348321589186
0.00044734745769948076,0.9970212020325916,0.9792017474846392
0.00044233944944212765,0.9971964254424391,0.9797092800849146
0.000439982158219325,0.9972548332457216,0.9800898035339792
0.000437307855123444,0.9973716488522867,0.9804612549008144
0.00043465389536592286,0.9973716488522867,0.9809128429940089
0.00043065758773996914,0.9974300566555692,0.981416343557738
0.0004258823805023224,0.9974884644588518,0.9819465563635869
0.0004217991344285917,0.9976052800654167,0.9823658881644103
0.000419157571869956,0.9976052800654167,0.9827091152754208
0.0004145486451293824,0.9976636878686993,0.9831324791127907
0.00041114250490384446,0.9976636878686993,0.9835588669775703
0.0004074891290389764,0.9977805034752643,0.9839686226915961
0.0004051203225528758,0.9977805034752643,0.984363258268573
0.00040009405919861957,0.9978389112785468,0.9847815820602598
0.00039472404813814185,0.9978389112785468,0.9852286341123396
0.0003872566487342832,0.9978389112785468,0.9857407027537297
0.0003809250006127835,0.9978389112785468,0.9861388663626847
0.0003739871509446605,0.9978389112785468,0.9866645431274189
0.0003705343434370378,0.9978389112785468,0.9870884109693571
0.0003662441944523025,0.9978973190818293,0.987505222747339
0.0003618828986907264,0.9979557268851118,0.9878862502009719
0.00035896153865069727,0.9979557268851118,0.9882093171292504
0.0003527162418784144,0.9980725424916769,0.9887052576244552
0.0003442118846689397,0.9981309502949594,0.9892500865627846
0.00033878253261021535,0.9982477659015244,0.9898070116107532
0.0003324296408968613,0.9982477659015244,0.9902313834572597
0.0003248034456075011,0.998422989311372,0.9906864995824323
0.00032099779541363166,0.998422989311372,0.9911002873330044
0.0003135313700164767,0.998422989311372,0.9915569154718819
0.0003068662900234885,0.998422989311372,0.9919737272498638
0.00030170976966465443,0.9984813971146546,0.9924101952060094
0.00029955247622276204,0.9984813971146546,0.9927675344449322
0.0002948546442405436,0.998539804917937,0.9931127775742159
0.00028570734480529224,0.998539804917937,0.9936439983892014
0.0002764032817808638,0.9987150283277846,0.9941903393412358
0.00026925541763745715,0.9988318439343497,0.9946389034070204
0.00025832579702163386,0.9988902517376321,0.9951968364641257
0.00025216603748678723,0.9990070673441972,0.9955571997304583
0.0002477213169507807,0.9991822907540447,0.9959568753531182
0.00023808014746963364,0.9992991063606098,0.9963993913640833
0.00023342787451787007,0.9993575141638923,0.9967975549730382
0.0002233714885426729,0.9994743297704574,0.9972284788789325
0.00020260363842599342,0.9995911453770223,0.9978690686852386
0.00011817619933203376,0.9999415921967175,0.9993553781571476
